ID,Глубина в метрах,Тип магнитуды,Магнитуда,Штат,Время
usp000gyxs,10,mblg,7.2,West Virginia,2009-07-04
usp000gz1d,18000,md,2.1,"southern Quebec, Canada",2009-07-08
usp000h1sz,5000,md,2.4,New York,2009-09-23
usp000hab0,100,mblg,3.4,West Virginia,2010-04-04
usp000hgny,2300,md,2.4,West Virginia,2010-07-24
usp000hj7k,17000,md,2.5,West Virginia,2010-08-15
usp000hjhz,10700,md,2.5,West Virginia,2010-08-21
usp000hng7,5000,mblg,2.8,Ohio,2010-10-24
usp000hqs4,5000,mblg,2.7,Pennsylvania,2010-12-10
usp000hrxd,2000,md,2.1,"Greater New York area, New Jersey",2010-12-25
usp000hxng,5000,mblg,2.6,"Youngstown-Akron urban area, Ohio",2011-03-17
usp000hz5p,17000,md,2.4,New York,2011-04-02
usp000j15a,10000,ml,2.6,New York,2011-05-07
usp000j1a5,5000,ml,1.9,"Greater Philadelphia area, New Jersey",2011-05-10
usp000j7b5,5000,mblg,3.1,Ohio,2011-08-31
usp000j7kq,5000,mblg,2.6,Ohio,2011-09-04
usp000j8js,5000,mblg,2.5,"Youngstown-Akron urban area, Ohio",2011-09-26
usp000jryp,4300,ml,2.1,New York,2012-09-08
usp000jsc2,6000,ml,2.2,Potomac-Shenandoah region,2012-09-15
usp000jthp,18000,mblg,3.0,"Ontario-Quebec border region, Canada",2012-10-04
usp000jucw,18000,mblg,2.6,"Ontario-Quebec border region, Canada",2012-10-24
usp000juf3,5000,ml,2.5,New York,2012-10-26
usp000jv24,5000,ml,2.0,New Jersey,2012-11-05
ld60024003,10800,Ml,2.3,"1km SSW of Garden View, Pennsylvania",2013-02-19
ld60024103,4900,Ml,2.0,"3km WNW of Huntingdon, Canada",2013-02-20
ld60038401,12500,Ml,2.0,"18km WNW of Malone, New York",2013-02-26
ld60024403,15400,Ml,2.2,"15km SW of Altamont, New York",2013-03-07
ld60024703,5000,Ml,2.3,"42km NNE of Lake Pleasant, New York",2013-03-14
ld60024803,12800,Ml,1.6,"45km NW of Warrensburg, New York",2013-03-17
us2013ngal,15400,md,2.5,"15km S of Gallipolis, Ohio",2013-03-27
ld60025903,6800,Ml,1.9,"21km NNE of Medina, New York",2013-04-21
ld60026208,7100,Ml,1.5,"41km S of Lake Placid, New York",2013-05-02
ld60026708,9900,Ml,1.4,"5km SSE of Attica, New York",2013-05-16
ld60044081,5000,Ml,2.1,"2km SE of Guilford Siding, Pennsylvania",2013-07-16
4310521,1400,ML,2.5,WEST VIRGINIA,2013-02-19
usp0000gyg,5000,mb,4.7,West Virginia,1976-06-19
se072013a,21200,MbLg,2.7,"14km SW of Glenville, West Virginia",2013-07-20
ld60028803,4100,Ml,1.4,"10km ESE of Cornwall, Canada",2013-07-20
se073013a,12700,Md,2.8,"12km SSW of Glenville, West Virginia",2013-07-30
se081613a,6100,MbLg,2.6,"13km SW of Glenville, West Virginia",2013-08-16
ld60047501,10200,Ml,2.7,"5km NE of Hadley, New York",2013-08-25
ld60047561,13900,Ml,2.0,"26km SE of Malone, New York",2013-08-27
ld60030208,5000,Ml,2.0,"9km NE of Dundee, New York",2013-09-10
usb000kbcn,5700,md,2.2,"7km WSW of Flatwoods, Kentucky",2013-10-11
se101913a,8200,Md,2.2,"2km N of Alderson, West Virginia",2013-10-19
ld60031608,5000,ml,1.8,"7km ENE of Massena, New York",2013-11-10
ld60054666,5000,ml,1.8,"2km SE of Conestoga, Pennsylvania",2014-01-09
ld60033303,7500,ml,1.8,"5km SE of Canton, New York",2014-02-06
ld60063426,12000,ml,2.75,"18km NW of Champlain, New York",2014-02-07
ld60065706,5000,ml,1.75,"9km WNW of Dannemora, New York",2014-03-24
ld60065831,4170,ml,2.06,"19km N of Alexandria Bay, New York",2014-04-01
ld60034903,9410,ml,1.32,"7km NE of Massena, New York",2014-04-13
ld60035403,3000,ml,1.73,"2km S of Heritage Hills, New York",2014-05-12
ld60069171,8000,ml,1.86,"5km N of Boonton, New Jersey",2014-05-31
usc000rccm,29600,md,2.6,"13km NNE of Sissonville, West Virginia",2014-06-06
ld60072806,5000,ml,2.53,"2km ESE of Highland Falls, New York",2014-07-05
ld60072861,11120,ml,1.62,"3km WSW of Jersey City, New Jersey",2014-07-08
ld60074281,4540,ml,1.49,"27km NNE of Olcott, New York",2014-07-19
ld60074876,7000,ml,1.56,"15km NW of Hadley, New York",2014-07-24
ld60078011,5000,ml,1.79,"4km WSW of Fonda, New York",2014-08-23
ld60078511,2560,ml,2.14,"1km WSW of Bolindale, Ohio",2014-08-31
ld60078891,13870,ml,1.27,"1km NNE of Hillsdale, New Jersey",2014-09-03
ld60038803,4430,ml,1.7,"9km NNE of Medina, New York",2014-11-08
ld60084066,6430,ml,1.62,"21km NW of Warrensburg, New York",2014-11-13
ld60084601,8960,ml,1.51,"6km W of South Lockport, New York",2014-11-29
ld60039103,5000,ml,2.26,"29km SE of Toronto, Canada",2014-11-30
ld60042808,16070,ml,2.14,"3km SSW of Huntingdon, Canada",2015-05-23
4369548,1000,ML,2.3,WEST VIRGINIA,2013-05-25
4815596,13200,ML,1.8,NEW YORK,2014-06-09
4372707,800,ML,2.2,NEW YORK,2013-07-29
4374136,500,ML,2.9,WEST VIRGINIA,2013-09-10
4225371,1300,ML,2.7,WEST VIRGINIA,2013-03-07
4310595,500,ML,2.8,WEST VIRGINIA,2013-02-26
usp0000quc,3000,,3.1,New York,1977-09-28
usp0000txk,11000,,2.6,New York,1978-04-05
usp0000u9r,15000,,3.1,Potomac-Shenandoah region,1978-04-26
usp000ea6t,8000,ml,0.9,New Jersey,2006-02-17
usp000g042,6000,md,2.7,New York,2008-02-27
usp000jgne,2000,ml,2.5,New York,2012-03-23
ld60041203,2000,ml,2.73,"3km WSW of Exton, Pennsylvania",2015-01-25
ld60096111,6230,ml,1.24,"1km N of Wanaque, New Jersey",2015-07-12
ld60084261,2010,ml,1.7,"0km SE of Byram, Connecticut",2014-11-20
usp0007s23,5000,mblg,2.6,Pennsylvania,1996-10-28
usp000fa43,7000,mblg,2.1,Pennsylvania,2007-04-20
ld60093131,3320,ml,2.27,"19km NNW of Youngstown, New York",2015-05-27
ld60043003,14470,ml,1.33,"35km E of Carthage, New York",2015-06-01
ld60096256,17180,ml,2.07,"6km NNE of Ormstown, Canada",2015-07-13
ld60097401,5270,ml,1.34,"16km WSW of Peru, New York",2015-07-27
ld60098866,1300,ml,1.54,"11km NNW of Susquehanna Trails, Pennsylvania",2015-08-14
ld60100581,7910,ml,1.39,"2km WNW of Fairfield, New Jersey",2015-08-22
4310999,17100,ML,2.3,WEST VIRGINIA,2013-04-19
usp0000bd0,10000,lg,4.2,New York,1975-06-09
4766676,200,ML,2.2,WEST VIRGINIA,2014-03-05
4371887,400,ML,2.6,WEST VIRGINIA,2013-08-08
4223501,12600,ML,2.5,WEST VIRGINIA,2013-01-19
4766866,4200,ML,1.4,WEST VIRGINIA,2014-03-19
4369356,1200,ML,2.3,NEW YORK,2013-05-17
4369414,1200,ML,2.2,WEST VIRGINIA,2013-05-20
4094794,1400,ML,2.6,WEST VIRGINIA,2012-06-14
4309659,1300,ML,2.5,WEST VIRGINIA,2012-11-30
usp0000c1u,3000,lg,2.3,New York,1975-07-19
usp0000d97,3000,lg,2.2,New York,1975-10-24
usp0001eh9,16000,mblg,3.0,"Ontario-Quebec border region, Canada",1981-07-04
usp0001ehw,16000,mblg,3.3,"Ontario-Quebec border region, Canada",1981-07-05
usp000310x,4900,md,1.9,New York,1986-12-20
usp00036be,5200,mblg,2.9,New York,1987-07-05
usp00036mg,5000,mb,3.5,Ohio,1987-07-13
usp00036pe,5000,mblg,2.7,Ohio,1987-07-16
usp0005shd,5000,mblg,2.8,Pennsylvania,1993-05-10
usp0005sk2,5000,mblg,2.0,Pennsylvania,1993-05-11
usp0005sk3,5000,mblg,2.3,Pennsylvania,1993-05-11
usp00083k3,5000,md,2.2,Pennsylvania,1997-06-16
usp00084ng,18000,mblg,2.9,"Ontario-Quebec border region, Canada",1997-07-10
usp00085m9,5000,mblg,3.2,New York,1997-07-31
usp00088x1,14000,md,2.9,New York,1997-10-12
usp0008902,4200,md,3.0,New York,1997-10-13
usp0008vh3,5000,mwc,4.5,Pennsylvania,1998-09-25
usp000945g,10200,md,2.9,New York,1999-03-09
usp0009rd3,6000,md,2.3,New York,2000-04-16
usp0009rkd,5000,ml,3.8,New York,2000-04-20
usp0009yy7,6700,md,2.6,New York,2000-08-22
usp000ea6r,8000,ml,2.6,New Jersey,2006-02-16
usp000eepu,2000,md,1.0,Pennsylvania,2006-04-16
usp000euv8,8000,mblg,2.9,Vermont,2006-10-10
usp000drys,10000,md,2.5,New York,2005-05-31
usp000e38n,2800,ml,2.6,New York,2005-10-31
usp000e5u6,4700,ml,2.1,"Greater New York area, New Jersey",2005-12-09
usp000e7xf,15000,mwr,3.5,"southern Quebec, Canada",2006-01-09
4225344,1300,ML,2.3,WEST VIRGINIA,2013-03-05
3372376,7000,ML,4.0,WEST VIRGINIA,2011-07-22
usp00036mh,5000,mblg,3.0,Ohio,1987-07-13
usp00036mn,5000,mblg,2.9,Ohio,1987-07-13
usp00036nf,5000,mblg,2.8,Ohio,1987-07-14
4369310,1100,ML,2.4,WEST VIRGINIA,2013-05-15
usp000a1aw,5000,mblg,2.0,Pennsylvania,2000-10-05
usp000a1br,18000,mblg,3.8,"Ontario-Quebec border region, Canada",2000-10-06
usp000c97z,3100,mblg,2.4,New Jersey,2003-10-01
usp000ajhr,7000,md,1.9,"Greater New York area, New Jersey",2001-07-14
usp000arqa,5000,md,2.6,New York,2001-10-27
usp000azmy,6000,md,1.1,New York,2002-03-05
usp000b2u2,11000,mwc,5.2,New York,2002-04-20
usp000b2u3,5000,ml,3.7,New York,2002-04-20
usp000b2u4,5000,md,1.7,New York,2002-04-20
4808482,1800,ML,2.4,WEST VIRGINIA,2014-05-13
usp000h74j,7000,md,2.2,"Greater New York area, New Jersey",2010-02-10
usp000h37g,7000,ml,2.9,New York,2009-10-21
usp000h3d2,500,md,2.6,Pennsylvania,2009-10-25
usp000h3d3,500,md,2.8,Pennsylvania,2009-10-25
4766967,1100,ML,1.9,PENNSYLVANIA,2014-03-25
usp000h50u,10000,md,2.6,New York,2009-12-13
usp000h50y,10000,md,3.1,New York,2009-12-13
usp000h574,3000,md,2.3,Pennsylvania,2009-12-20
usp000h58m,8000,md,2.7,New York,2009-12-21
usp000h6v3,18000,mblg,2.8,"southern Quebec, Canada",2010-02-01
usp000h7b2,20000,md,2.2,New York,2010-02-15
usp000h7dw,19000,md,2.7,New York,2010-02-18
usp000h9x6,14000,ml,2.7,New York,2010-03-24
4225430,200,ML,2.5,WEST VIRGINIA,2013-03-11
4815624,5900,ML,2.5,WEST VIRGINIA,2014-06-11
4369514,100,ML,2.5,WEST VIRGINIA,2013-05-24
ld60042903,5000,ml,1.28,"32km NW of Warrensburg, New York",2015-05-25
ld60084971,5000,ml,1.92,"8km W of Vista Center, New Jersey",2014-12-13
ld60040103,7370,ml,1.46,"39km SE of Tupper Lake, New York",2014-12-23
se610692,5700,md,2.1,"8km S of Greenup, Kentucky",2014-12-28
ld60085406,4210,ml,1.51,"1km SSW of Clifton, New Jersey",2014-12-28
ld60085511,5000,ml,1.73,"25km N of Olcott, New York",2014-12-31
ld60085806,3560,ml,1.87,"7km SE of Dannemora, New York",2015-01-11
ld60086101,5000,ml,2.43,"8km SSW of Salaberry-de-Valleyfield, Canada",2015-01-19
ld60086106,8940,ml,1.61,"6km SW of Salaberry-de-Valleyfield, Canada",2015-01-19
ld60087331,5000,ml,2.2,"12km NNW of Tupper Lake, New York",2015-02-26
ld60087406,12890,ml,1.55,"11km S of Sainte-Martine, Canada",2015-03-02
ld60088471,4660,ml,1.23,"1km SSW of Clifton, New Jersey",2015-03-27
ld60089306,14420,ml,1.81,"27km ENE of Carthage, New York",2015-04-08
ld60089966,11420,ml,2.07,"9km E of Ormstown, Canada",2015-04-17
ld60091441,5000,ml,1.78,"13km W of Norwood, New York",2015-05-08
ld60042703,5000,ml,1.84,"9km NE of Medina, New York",2015-05-18
ld60092906,10780,ml,2.28,"4km SW of Huntingdon, Canada",2015-05-23
5005268,16300,ML,1.9,"SOUTHERN QUEBEC, CANADA",2014-09-08
5007448,17400,ML,2.4,WEST VIRGINIA,2014-10-01
5007491,7700,ML,2.1,PENNSYLVANIA,2014-10-07
5007504,4300,ML,2.2,WEST VIRGINIA,2014-10-09
5007507,5300,ML,2.2,WEST VIRGINIA,2014-10-09
5007526,14900,ML,2.3,PENNSYLVANIA,2014-10-13
usp0000vcp,5000,,2.9,"Greater New York area, New Jersey",1978-06-30
usp000g1gx,7000,md,1.9,New York,2008-03-15
4766937,700,ML,2.3,WEST VIRGINIA,2014-03-22
4223486,1500,ML,3.0,WEST VIRGINIA,2013-01-18
4223560,1200,ML,3.0,WEST VIRGINIA,2013-01-23
4225494,1500,ML,2.3,WEST VIRGINIA,2013-03-15
4310968,1400,ML,2.3,NEW YORK,2013-04-17
4369614,1300,ML,2.3,WEST VIRGINIA,2013-05-31
4813106,500,ML,1.9,NEW JERSEY,2014-04-29
4766981,600,ML,2.4,WEST VIRGINIA,2014-03-26
4808381,800,ML,2.4,WEST VIRGINIA,2014-05-02
4223538,11100,ML,2.9,WEST VIRGINIA,2013-01-22
4223555,4500,ML,2.6,WEST VIRGINIA,2013-01-23
4213040,700,ML,3.0,WEST VIRGINIA,2012-07-27
4820748,9400,ML,1.8,PENNSYLVANIA,2014-07-22
4820582,600,ML,2.3,WEST VIRGINIA,2014-07-07
4374037,300,ML,2.5,WEST VIRGINIA,2013-09-04
4820598,1300,ML,2.4,WEST VIRGINIA,2014-07-08
5005221,1400,ML,2.5,WEST VIRGINIA,2014-09-03
5005409,1500,ML,2.6,WEST VIRGINIA,2014-09-18
usp0000vcq,6000,,2.2,"Greater New York area, New Jersey",1978-06-30
usp0000vkq,5000,,3.1,Pennsylvania,1978-07-16
usp0000w56,1000,,3.1,New York,1978-08-21
usp0000ww6,5000,,3.0,Pennsylvania,1978-10-06
4372556,2700,ML,2.3,WEST VIRGINIA,2013-07-12
4372452,7800,ML,2.0,WEST VIRGINIA,2013-07-04
4372580,9000,ML,2.1,WEST VIRGINIA,2013-07-15
4372531,5600,ML,2.4,WEST VIRGINIA,2013-07-11
4374361,800,ML,2.3,WEST VIRGINIA,2013-09-23
5111751,1500,ML,2.5,PENNSYLVANIA,2015-01-22
usp0000yn5,9000,,2.5,Vermont,1979-01-29
usp0000ynj,5000,,3.5,New Jersey,1979-01-30
4374090,300,ML,2.1,WEST VIRGINIA,2013-09-07
4488583,5800,ML,1.8,WEST VIRGINIA,2013-10-17
4488652,7600,ML,2.2,WEST VIRGINIA,2013-10-22
usp0000yz8,13000,,2.9,New Jersey,1979-02-23
usp00013xp,10000,,3.6,eastern Kentucky,1979-11-09
5113619,1200,ML,2.7,WEST VIRGINIA,2015-02-27
usp00014sp,5000,md,2.5,New York,1979-12-30
4813091,500,ML,2.4,WEST VIRGINIA,2014-04-25
usp000151t,3000,,2.9,New York,1980-01-17
usp00015um,5000,,3.5,"Greater Philadelphia area, Pennsylvania",1980-03-05
usp00015yh,5000,,3.7,"Greater Philadelphia area, Pennsylvania",1980-03-11
4374455,1000,ML,2.3,WEST VIRGINIA,2013-09-28
5115005,1200,ML,2.3,WEST VIRGINIA,2015-03-21
4808558,200,ML,2.7,WEST VIRGINIA,2014-05-20
5006097,700,ML,2.5,WEST VIRGINIA,2014-08-05
4372512,300,ML,2.3,WEST VIRGINIA,2013-07-10
5005367,300,ML,2.2,WEST VIRGINIA,2014-09-15
4815672,400,ML,2.8,WEST VIRGINIA,2014-06-18
5110275,300,ML,2.4,WEST VIRGINIA,2014-11-06
4820523,200,ML,1.8,NEW JERSEY,2014-07-01
4820574,100,ML,2.2,WEST VIRGINIA,2014-07-07
5110346,300,ML,2.2,WEST VIRGINIA,2014-11-13
4820847,400,ML,2.3,WEST VIRGINIA,2014-07-31
usp0001h3y,10000,ml,2.1,Virginia,1981-11-23
usp0001yuv,12500,mb,5.1,New York,1983-10-07
4487878,2500,ML,2.8,WEST VIRGINIA,2013-11-02
5115002,200,ML,2.6,WEST VIRGINIA,2015-03-20
5007462,2000,ML,2.0,PENNSYLVANIA,2014-10-03
4217775,1600,ML,2.2,WEST VIRGINIA,2012-09-24
4223528,1800,ML,2.3,WEST VIRGINIA,2013-01-22
4372033,1600,ML,2.0,WEST VIRGINIA,2013-08-16
4766657,1800,ML,2.2,WEST VIRGINIA,2014-03-04
4371971,2300,ML,2.1,WEST VIRGINIA,2013-08-13
5006208,8700,ML,2.6,PENNSYLVANIA,2014-08-19
4813013,7100,ML,2.2,PENNSYLVANIA,2014-04-14
4813056,3200,ML,2.3,WEST VIRGINIA,2014-04-21
4813068,21400,ML,1.9,NEW YORK,2014-04-23
4219251,25700,ML,2.3,WEST VIRGINIA,2012-10-30
4223554,11100,ML,2.5,WEST VIRGINIA,2013-01-23
usp00066h6,5000,mb,4.6,Pennsylvania,1994-01-16
usp00066hb,5000,mblg,2.9,Pennsylvania,1994-01-16
usp00066s2,5000,mblg,2.6,Pennsylvania,1994-01-18
usp0006c78,5000,mblg,2.5,Pennsylvania,1994-05-07
usp0006crb,5000,md,2.4,Pennsylvania,1994-05-18
4370051,12200,ML,2.7,WEST VIRGINIA,2013-06-29
4310565,12700,ML,2.6,WEST VIRGINIA,2013-02-23
4310566,14900,ML,2.5,WEST VIRGINIA,2013-02-23
4225399,3600,ML,2.3,WEST VIRGINIA,2013-03-09
4225406,5000,ML,2.1,WEST VIRGINIA,2013-03-09
4225508,14400,ML,2.5,WEST VIRGINIA,2013-03-16
4223602,14200,ML,2.7,WEST VIRGINIA,2013-01-25
4223630,7600,ML,2.2,WEST VIRGINIA,2013-01-28
4369858,3500,ML,2.3,WEST VIRGINIA,2013-06-12
4369291,3000,ML,2.4,WEST VIRGINIA,2013-05-14
4369307,8500,ML,2.9,WEST VIRGINIA,2013-05-15
4369313,2600,ML,2.5,WEST VIRGINIA,2013-05-15
4369336,5400,ML,2.4,WEST VIRGINIA,2013-05-16
4369361,6300,ML,2.6,WEST VIRGINIA,2013-05-17
4371933,8700,ML,2.2,WEST VIRGINIA,2013-08-10
4372054,13800,ML,2.4,WEST VIRGINIA,2013-08-17
4311114,8700,ML,2.4,WEST VIRGINIA,2013-04-29
4311127,11500,ML,2.5,WEST VIRGINIA,2013-04-29
4488753,12100,ML,1.7,NEW YORK,2013-10-31
4766624,3700,ML,1.8,WEST VIRGINIA,2014-03-01
4488758,3600,ML,2.2,WEST VIRGINIA,2013-10-31
4487855,14900,ML,2.1,VIRGINIA,2013-11-01
4487909,8900,ML,2.6,WEST VIRGINIA,2013-11-04
4488015,7700,ML,2.4,NEW YORK,2013-11-12
4488045,14000,ML,1.8,NEW YORK,2013-11-14
4488072,5000,ML,2.5,WEST VIRGINIA,2013-11-15
4812972,8600,ML,1.8,NEW YORK,2014-04-09
4766626,1900,ML,2.0,WEST VIRGINIA,2014-03-01
4808397,7100,ML,2.2,WEST VIRGINIA,2014-05-03
4374212,4100,ML,2.2,WEST VIRGINIA,2013-09-14
4815584,6400,ML,2.8,WEST VIRGINIA,2014-06-07
4813021,9100,ML,2.4,WEST VIRGINIA,2014-04-15
4813028,6000,ML,2.2,VIRGINIA,2014-04-16
4808376,14900,ML,2.2,NEW YORK,2014-05-02
4808380,11900,ML,2.4,WEST VIRGINIA,2014-05-02
4212980,3100,ML,2.6,WEST VIRGINIA,2012-07-21
4369378,400,ML,1.9,WEST VIRGINIA,2013-05-18
5110442,6400,ML,2.4,OHIO,2014-11-22
4225515,14900,ML,2.5,WEST VIRGINIA,2013-03-16
4311011,5000,ML,2.3,WEST VIRGINIA,2013-04-20
4311100,8400,ML,2.4,WEST VIRGINIA,2013-04-27
4225567,13800,ML,2.7,WEST VIRGINIA,2013-03-20
4488391,9500,ML,2.1,WEST VIRGINIA,2013-10-04
4808583,12900,ML,1.8,NEW YORK,2014-05-23
4372113,6900,ML,2.1,WEST VIRGINIA,2013-08-20
4374074,1000,ML,2.3,WEST VIRGINIA,2013-09-06
5005312,1400,ML,1.9,WEST VIRGINIA,2014-09-11
4374116,8900,ML,2.5,WEST VIRGINIA,2013-09-09
4599455,2100,ML,2.2,WEST VIRGINIA,2013-12-10
4599469,11500,ML,2.3,WEST VIRGINIA,2013-12-12
4372061,8900,ML,2.1,WEST VIRGINIA,2013-08-17
4094911,10800,ML,2.5,WEST VIRGINIA,2012-06-23
4599470,7200,ML,2.4,WEST VIRGINIA,2013-12-12
ld60036003,8730,ml,1.44,"8km SSW of Huntingdon, Canada",2014-06-03
5111683,200,ML,2.4,WEST VIRGINIA,2015-01-13
4310550,700,ML,2.5,WEST VIRGINIA,2013-02-21
4599524,12900,ML,2.2,WEST VIRGINIA,2013-12-18
4599538,11100,ML,2.2,NEW YORK,2013-12-19
4310559,100,ML,2.6,WEST VIRGINIA,2013-02-22
4225377,400,ML,2.7,WEST VIRGINIA,2013-03-07
4310609,500,ML,2.5,WEST VIRGINIA,2013-02-27
4221054,1300,ML,3.0,WEST VIRGINIA,2012-12-19
4225431,200,ML,2.6,WEST VIRGINIA,2013-03-11
4225538,400,ML,2.5,WEST VIRGINIA,2013-03-18
4599549,8500,ML,2.4,WEST VIRGINIA,2013-12-20
4217652,2300,ML,2.5,WEST VIRGINIA,2012-09-10
4369911,700,ML,2.5,WEST VIRGINIA,2013-06-18
4767015,1700,ML,2.6,WEST VIRGINIA,2014-03-28
5115020,100,ML,1.8,WEST VIRGINIA,2015-03-25
5153967,300,ML,2.4,PENNSYLVANIA,2015-05-22
4820691,1400,ML,2.3,WEST VIRGINIA,2014-07-16
4820784,1400,ML,2.1,NEW YORK,2014-07-25
4374405,500,ML,2.9,PENNSYLVANIA,2013-09-25
4374420,400,ML,2.0,NEW JERSEY,2013-09-26
4815657,700,ML,2.3,WEST VIRGINIA,2014-06-16
4310476,2000,ML,2.3,WEST VIRGINIA,2013-02-15
4310562,1400,ML,2.7,WEST VIRGINIA,2013-02-22
4369781,1300,ML,2.2,WEST VIRGINIA,2013-06-05
4371761,1300,ML,2.6,WEST VIRGINIA,2013-08-01
4371906,1400,ML,2.5,WEST VIRGINIA,2013-08-08
4310444,11200,ML,2.5,WEST VIRGINIA,2013-02-13
4310453,11200,ML,2.7,WEST VIRGINIA,2013-02-14
5005240,14600,ML,1.7,NEW YORK,2014-09-05
5005265,13900,ML,1.6,NEW YORK,2014-09-08
4638460,900,ML,2.1,WEST VIRGINIA,2014-01-21
4766652,900,ML,2.2,PENNSYLVANIA,2014-03-04
4488018,400,ML,2.8,PENNSYLVANIA,2013-11-12
5111698,7500,ML,2.5,WEST VIRGINIA,2015-01-15
5111714,4800,ML,2.2,PENNSYLVANIA,2015-01-19
4310381,3300,ML,2.3,WEST VIRGINIA,2013-02-07
4310378,3600,ML,2.4,WEST VIRGINIA,2013-02-07
5111712,4100,ML,2.5,WEST VIRGINIA,2015-01-17
4310400,9500,ML,2.4,WEST VIRGINIA,2013-02-09
5110414,1200,ML,2.0,WEST VIRGINIA,2014-11-19
4310393,8600,ML,2.7,WEST VIRGINIA,2013-02-08
4213014,600,ML,2.9,WEST VIRGINIA,2012-07-25
4213038,200,ML,2.6,WEST VIRGINIA,2012-07-27
4213775,800,ML,2.7,WEST VIRGINIA,2012-08-08
4214020,100,ML,2.8,WEST VIRGINIA,2012-08-27
4310396,15800,ML,2.7,WEST VIRGINIA,2013-02-08
usp00017zn,1000,lg,3.5,New York,1980-06-06
4217809,900,ML,2.5,WEST VIRGINIA,2012-09-27
usp0001ap5,4000,,2.8,Virginia,1980-11-05
4374428,700,ML,2.0,PENNSYLVANIA,2013-09-27
4094636,100,ML,3.0,WEST VIRGINIA,2012-06-04
4225274,11600,ML,2.5,WEST VIRGINIA,2013-03-01
4767699,4500,ML,2.0,PENNSYLVANIA,2014-02-03
4638533,4100,ML,2.1,WEST VIRGINIA,2014-01-28
4218994,500,ML,2.9,WEST VIRGINIA,2012-10-05
4767771,14000,ML,2.3,NEW YORK,2014-02-12
usp0001eh8,16000,mblg,3.5,"Ontario-Quebec border region, Canada",1981-07-04
usp000gjf0,2000,md,2.0,Pennsylvania,2008-10-05
usp0001ejz,16000,mblg,2.9,"Ontario-Quebec border region, Canada",1981-07-07
usp0001kpb,5000,mblg,2.8,"Greater Philadelphia area, New Jersey",1982-04-12
usp0001pbm,4200,md,2.7,New York,1982-08-31
usp0001tbn,7000,md,3.0,New York,1983-02-26
usp0001xr6,11900,mblg,3.5,eastern Kentucky,1983-08-17
usp0001yuw,8000,mblg,3.5,New York,1983-10-07
usp0001yux,8000,mblg,2.9,New York,1983-10-07
usp0001yxk,7900,mblg,2.8,New York,1983-10-12
usp00020en,5000,mblg,2.0,Pennsylvania,1983-12-12
usp00020pq,11000,mblg,3.1,"southern Quebec, Canada",1983-12-21
usp00021d2,5000,md,2.4,"Wilmington urban area, Delaware",1984-01-19
usp00023nz,5000,mblg,3.0,Pennsylvania,1984-04-19
usp00023tg,5000,mb,4.2,Pennsylvania,1984-04-23
usp00026jj,12000,mblg,3.2,New York,1984-08-20
usp00028dt,1000,md,3.4,New York,1984-10-23
4638535,11800,ML,2.2,WEST VIRGINIA,2014-01-28
4813090,11400,ML,1.8,WEST VIRGINIA,2014-04-25
4813114,11900,ML,2.2,NEW YORK,2014-04-30
5006090,15800,ML,1.9,NEW YORK,2014-08-04
5006100,2200,ML,2.0,WEST VIRGINIA,2014-08-06
5007456,8500,ML,2.4,WEST VIRGINIA,2014-10-02
4638527,3300,ML,2.4,WEST VIRGINIA,2014-01-27
4638452,8800,ML,2.7,WEST VIRGINIA,2014-01-21
4766677,4200,ML,2.4,WEST VIRGINIA,2014-03-05
4766764,12900,ML,2.4,PENNSYLVANIA,2014-03-11
4766773,18200,ML,2.3,NEW YORK,2014-03-12
4766832,13700,ML,2.4,WEST VIRGINIA,2014-03-17
4487908,8600,ML,2.3,NEW YORK,2013-11-04
4812969,7500,ML,2.4,WEST VIRGINIA,2014-04-08
4767891,9300,ML,1.6,WEST VIRGINIA,2014-02-28
4808552,13200,ML,2.4,WEST VIRGINIA,2014-05-20
4815544,16300,ML,2.0,NEW YORK,2014-06-03
4815560,7600,ML,2.3,NEW YORK,2014-06-05
4815564,6300,ML,1.4,CHESAPEAKE BAY REGION,2014-06-05
4815609,13400,ML,2.5,PENNSYLVANIA,2014-06-10
4820576,3900,ML,1.8,CHESAPEAKE BAY REGION,2014-07-07
4820577,7600,ML,2.4,WEST VIRGINIA,2014-07-07
4213919,200,ML,3.0,WEST VIRGINIA,2012-08-21
4309549,1400,ML,2.5,WEST VIRGINIA,2012-11-15
usp0002kxt,6000,mb,3.6,New York,1985-10-19
usp0002kzz,5000,ml,2.8,New York,1985-10-21
usp0002m9v,5000,mblg,2.7,New York,1985-10-30
usp0002mcq,5000,mblg,3.3,"southern Quebec, Canada",1985-11-01
usp0002psa,5200,ml,1.8,New York,1986-01-05
usp0002saf,11800,md,2.9,West Virginia,1986-03-26
usp0002t3q,6100,md,2.7,New York,1986-04-22
usp0002ter,5000,md,2.5,Pennsylvania,1986-05-02
usp000bvkj,7000,md,2.3,New York,2003-04-20
usp0002x3n,24000,md,3.4,"Ontario-Quebec border region, Canada",1986-08-13
usp0002x3p,17500,md,2.4,"Ontario-Quebec border region, Canada",1986-08-13
usp0002x3v,23000,md,2.3,"Ontario-Quebec border region, Canada",1986-08-13
usp00030be,7400,md,2.8,New Jersey,1986-11-23
4820592,14500,ML,2.5,WEST VIRGINIA,2014-07-08
4815705,8400,ML,2.3,WEST VIRGINIA,2014-06-20
4372494,1000,ML,2.1,WEST VIRGINIA,2013-07-09
4815774,5800,ML,1.6,CHESAPEAKE BAY REGION,2014-06-27
4310297,2300,ML,2.3,WEST VIRGINIA,2013-02-01
4310324,7300,ML,2.7,WEST VIRGINIA,2013-02-04
4310350,7700,ML,2.4,WEST VIRGINIA,2013-02-06
4310357,8000,ML,2.5,WEST VIRGINIA,2013-02-06
4310358,4600,ML,2.2,WEST VIRGINIA,2013-02-06
usp00038r8,10000,mblg,3.8,New York,1987-09-26
usp0003jta,10000,mblg,3.5,New York,1988-08-09
usp000447m,5000,md,2.6,Chesapeake Bay region,1990-01-13
usp0004j8f,5000,mblg,2.5,Pennsylvania,1990-12-17
usp0004q85,9400,md,2.7,New York,1991-04-12
usp0004qn8,14700,mblg,3.5,West Virginia,1991-04-22
usp0004t2k,5000,mb,4.0,New York,1991-06-17
usp0004thc,5000,mblg,3.2,West Virginia,1991-06-28
usp0004tt6,18000,mblg,3.8,"southern Quebec, Canada",1991-07-05
usp0004x5n,5000,mblg,2.4,Chesapeake Bay region,1991-09-28
usp0004x6w,5000,md,2.2,"Greater Philadelphia area, New Jersey",1991-09-29
usp0004yhu,10000,mblg,3.0,New York,1991-10-28
usp00051k3,7900,md,3.1,New Jersey,1992-01-09
usp00051u7,7000,md,2.5,New York,1992-01-15
usp0005nqk,5000,mblg,2.5,"Greater Philadelphia area, New Jersey",1993-02-26
usp0005sk4,5000,mblg,1.6,Pennsylvania,1993-05-11
usp0005sk5,5000,mblg,2.2,Pennsylvania,1993-05-11
usp0005t0y,5000,mblg,2.1,Pennsylvania,1993-05-18
4310412,4200,ML,2.6,WEST VIRGINIA,2013-02-11
4225334,5800,ML,2.7,WEST VIRGINIA,2013-03-05
4225357,13600,ML,2.8,WEST VIRGINIA,2013-03-06
4225366,3800,ML,2.7,WEST VIRGINIA,2013-03-07
4225373,8300,ML,2.2,WEST VIRGINIA,2013-03-07
4369063,7400,ML,2.4,WEST VIRGINIA,2013-05-01
4369210,6100,ML,2.4,WEST VIRGINIA,2013-05-09
4369212,10300,ML,2.6,WEST VIRGINIA,2013-05-09
5005259,5900,ML,1.9,WEST VIRGINIA,2014-09-06
5005253,7200,ML,1.9,NEW YORK,2014-09-06
4369066,7900,ML,2.7,WEST VIRGINIA,2013-05-01
4369179,13700,ML,2.6,WEST VIRGINIA,2013-05-08
4369180,4700,ML,2.5,WEST VIRGINIA,2013-05-08
4369205,11500,ML,2.7,WEST VIRGINIA,2013-05-09
4369275,5400,ML,2.4,WEST VIRGINIA,2013-05-13
4369482,11900,ML,2.6,WEST VIRGINIA,2013-05-23
4369566,7800,ML,2.3,WEST VIRGINIA,2013-05-28
4369578,3100,ML,2.7,WEST VIRGINIA,2013-05-28
4369846,5500,ML,1.9,WEST VIRGINIA,2013-06-11
4371872,4200,ML,2.4,WEST VIRGINIA,2013-08-07
4371922,3500,ML,2.0,WEST VIRGINIA,2013-08-09
usp0005xq1,8000,mblg,3.9,"Ontario-Quebec border region, Canada",1993-07-30
usp00063sg,17100,mb,3.8,"southern Quebec, Canada",1993-11-16
usp00066h5,5000,mb,4.2,Pennsylvania,1994-01-16
usp0006r0z,5000,mblg,2.5,Pennsylvania,1995-01-08
usp0006rqp,9300,mblg,2.9,West Virginia,1995-01-22
usp0006tqg,4200,md,3.0,New York,1995-03-02
usp0006y0t,5000,mblg,3.0,New York,1995-05-25
4371953,8500,ML,2.8,WEST VIRGINIA,2013-08-12
4372160,26000,ML,2.2,PENNSYLVANIA,2013-08-23
4372221,14900,ML,2.7,PENNSYLVANIA,2013-08-27
4372233,14100,ML,1.9,NEW YORK,2013-08-28
4372252,13400,ML,2.4,WEST VIRGINIA,2013-08-29
4374022,5100,ML,2.2,WEST VIRGINIA,2013-09-04
4374242,9900,ML,2.1,WEST VIRGINIA,2013-09-17
4488366,4600,ML,2.1,WEST VIRGINIA,2013-10-02
5111649,600,ML,2.5,WEST VIRGINIA,2015-01-08
4488474,7700,ML,2.1,PENNSYLVANIA,2013-10-10
4488638,10600,ML,2.3,NEW YORK,2013-10-21
4488684,14400,ML,2.5,WEST VIRGINIA,2013-10-25
4488713,11400,ML,2.0,WEST VIRGINIA,2013-10-28
4488735,6300,ML,2.4,NEW YORK,2013-10-29
5110228,2300,ML,2.0,WEST VIRGINIA,2014-11-01
4488740,14900,ML,1.5,NEW YORK,2013-10-30
4488149,8400,ML,2.5,WEST VIRGINIA,2013-11-21
4488153,3400,ML,2.5,WEST VIRGINIA,2013-11-21
4599376,7500,ML,1.8,NEW YORK,2013-12-03
4599403,5100,ML,2.4,PENNSYLVANIA,2013-12-05
4599454,7900,ML,2.0,PENNSYLVANIA,2013-12-10
4599473,14000,ML,1.7,VIRGINIA,2013-12-12
4599508,7200,ML,2.6,WEST VIRGINIA,2013-12-16
4372622,8200,ML,2.1,WEST VIRGINIA,2013-07-18
4372000,4100,ML,2.0,PENNSYLVANIA,2013-08-15
4599520,16500,ML,2.4,WEST VIRGINIA,2013-12-17
5114944,3300,ML,2.4,OHIO,2015-03-09
usp00073rq,18000,mblg,3.1,"Ontario-Quebec border region, Canada",1995-09-21
usp0007mf4,5000,mblg,2.8,New York,1996-07-23
usp0007rjb,5400,md,2.2,Pennsylvania,1996-10-17
usp000a31y,8000,md,2.4,New York,2000-11-06
usp000a7vu,7000,md,2.4,New York,2001-01-17
usp000a811,5000,mblg,2.6,Ohio,2001-01-20
4638466,11000,ML,2.3,WEST VIRGINIA,2014-01-22
4638476,13100,ML,2.2,WEST VIRGINIA,2014-01-23
4638478,14900,ML,2.4,WEST VIRGINIA,2014-01-23
4638552,3000,ML,2.6,WEST VIRGINIA,2014-01-29
4638564,13100,ML,2.3,WEST VIRGINIA,2014-01-30
4767839,4600,ML,2.1,PENNSYLVANIA,2014-02-21
4767842,14900,ML,2.4,WEST VIRGINIA,2014-02-21
4766689,3400,ML,2.5,WEST VIRGINIA,2014-03-06
4766690,2100,ML,2.5,WEST VIRGINIA,2014-03-06
4766765,4400,ML,1.9,WEST VIRGINIA,2014-03-11
4766796,3400,ML,2.4,WEST VIRGINIA,2014-03-13
4766860,4400,ML,2.5,WEST VIRGINIA,2014-03-18
4766873,5400,ML,2.4,WEST VIRGINIA,2014-03-19
4767042,13700,ML,2.5,PENNSYLVANIA,2014-03-31
4812917,11900,ML,2.1,PENNSYLVANIA,2014-04-02
4812961,13300,ML,2.2,WEST VIRGINIA,2014-04-07
4371986,1600,ML,2.4,WEST VIRGINIA,2013-08-14
5114989,300,ML,2.1,NEW JERSEY,2015-03-18
4808438,8200,ML,1.6,PENNSYLVANIA,2014-05-08
4808444,2200,ML,2.2,WEST VIRGINIA,2014-05-08
4808455,14600,ML,1.8,NEW YORK,2014-05-09
4808469,2900,ML,1.8,PENNSYLVANIA,2014-05-12
4808488,10100,ML,2.3,WEST VIRGINIA,2014-05-13
4374158,5200,ML,2.5,WEST VIRGINIA,2013-09-11
4808495,14600,ML,2.4,NEW YORK,2014-05-14
4808556,3500,ML,2.1,NEW YORK,2014-05-20
4808610,7400,ML,2.0,PENNSYLVANIA,2014-05-27
4808623,6300,ML,2.2,WEST VIRGINIA,2014-05-28
usp000a8dr,5000,mb,3.9,"Lake Erie, Ohio",2001-01-26
usp000ac4n,10000,md,2.5,West Virginia,2001-03-28
usp000ag00,5000,mblg,3.4,Ohio,2001-06-03
usp000b2u9,5000,ml,2.6,New York,2002-04-20
usp000b4x4,10000,ml,3.1,New York,2002-05-24
usp000b6wq,9000,md,3.0,New York,2002-06-25
usp000bmdm,14700,mblg,3.3,New York,2002-12-25
usp000buqg,10000,mblg,3.7,New York,2003-04-08
usp000c2ph,2500,mblg,2.5,Ohio,2003-07-17
usp000c5zy,3000,mblg,3.8,New Jersey,2003-08-26
usp000c62z,10000,md,2.2,New York,2003-08-27
usp000cq6p,8000,mblg,2.8,New York,2004-03-17
usp000cqme,2400,mblg,2.2,"Greater Philadelphia area, New Jersey",2004-03-22
usp000d3gd,3600,ml,2.9,New York,2004-09-04
usp000d6ca,10000,md,2.7,New York,2004-10-14
usp000dhd7,18000,mblg,3.5,"Ontario-Quebec border region, Canada",2005-03-03
4815540,11500,ML,1.9,NEW YORK,2014-06-02
4820586,13400,ML,2.1,NEW YORK,2014-07-08
4820608,21000,ML,2.4,WEST VIRGINIA,2014-07-09
4820626,6500,ML,2.7,WEST VIRGINIA,2014-07-10
4820642,4500,ML,2.1,WEST VIRGINIA,2014-07-11
4820693,2100,ML,2.3,WEST VIRGINIA,2014-07-16
4820823,14500,ML,2.4,NEW YORK,2014-07-29
4820834,16100,ML,2.0,NEW YORK,2014-07-30
4820841,3100,ML,2.3,WEST VIRGINIA,2014-07-30
5006156,10900,ML,2.1,NEW YORK,2014-08-13
5111755,500,ML,2.3,WEST VIRGINIA,2015-01-22
5006171,5700,ML,2.1,WEST VIRGINIA,2014-08-14
5006179,15500,ML,2.2,NEW YORK,2014-08-15
5006222,2500,ML,2.1,WEST VIRGINIA,2014-08-20
5006229,13900,ML,2.5,WEST VIRGINIA,2014-08-21
5006232,2500,ML,1.7,PENNSYLVANIA,2014-08-22
5006252,6400,ML,2.5,WEST VIRGINIA,2014-08-25
5006260,14400,ML,2.5,WEST VIRGINIA,2014-08-26
5006271,15600,ML,1.9,NEW YORK,2014-08-28
5006277,4000,ML,2.1,WEST VIRGINIA,2014-08-29
usp000eeqn,2000,ml,1.2,Pennsylvania,2006-04-17
usp000ewg9,1000,mb,4.3,West Virginia,2006-11-02
usp000f05f,6000,md,2.5,Pennsylvania,2006-12-13
usp000f1ma,5000,mblg,2.5,Pennsylvania,2007-01-03
5005199,11300,ML,2.3,WEST VIRGINIA,2014-09-02
5005206,6000,ML,2.1,WEST VIRGINIA,2014-09-02
5005271,2200,ML,2.5,WEST VIRGINIA,2014-09-08
5005278,3200,ML,2.2,PENNSYLVANIA,2014-09-09
5005298,3500,ML,2.6,WEST VIRGINIA,2014-09-10
5005319,12700,ML,2.0,NEW YORK,2014-09-12
5005378,11500,ML,1.8,PENNSYLVANIA,2014-09-16
5005397,3100,ML,2.4,WEST VIRGINIA,2014-09-17
5005405,10400,ML,2.5,WEST VIRGINIA,2014-09-18
5005452,16800,ML,2.4,NEW YORK,2014-09-24
5005493,2300,ML,2.5,VIRGINIA,2014-09-29
5005512,16800,ML,1.3,VIRGINIA,2014-09-30
5007469,9400,ML,2.2,WEST VIRGINIA,2014-10-03
5007475,12400,ML,2.4,WEST VIRGINIA,2014-10-06
4220914,3700,ML,2.7,WEST VIRGINIA,2012-12-06
4225639,3900,ML,2.6,WEST VIRGINIA,2013-03-25
4225709,6000,ML,1.9,NEW YORK,2013-03-29
4310817,2700,ML,2.5,VIRGINIA,2013-04-04
4310896,5300,ML,2.5,WEST VIRGINIA,2013-04-10
4374063,4900,ML,2.5,WEST VIRGINIA,2013-09-06
4374310,11500,ML,1.6,NEW YORK,2013-09-20
4374431,8600,ML,1.9,VIRGINIA,2013-09-27
4374466,15100,ML,2.3,NEW YORK,2013-09-30
4221064,100,ML,2.6,WEST VIRGINIA,2012-12-20
4310340,200,ML,2.6,WEST VIRGINIA,2013-02-05
4310362,300,ML,2.7,WEST VIRGINIA,2013-02-06
4820728,300,ML,2.3,WEST VIRGINIA,2014-07-18
4369348,1200,ML,2.4,WEST VIRGINIA,2013-05-17
4767713,1200,ML,2.2,WEST VIRGINIA,2014-02-05
5115021,4800,ML,1.3,PENNSYLVANIA,2015-03-26
4310814,11600,ML,2.4,WEST VIRGINIA,2013-04-03
4369206,3000,ML,2.4,WEST VIRGINIA,2013-05-09
4371977,5000,ML,2.4,WEST VIRGINIA,2013-08-14
usp000f32v,8000,mblg,2.6,New York,2007-01-20
usp000f6fp,7000,md,2.5,New York,2007-03-11
4371980,4500,ML,2.3,WEST VIRGINIA,2013-08-14
4488587,11600,ML,2.7,WEST VIRGINIA,2013-10-17
4374188,13000,ML,2.1,NEW YORK,2013-09-13
4374169,6000,ML,2.4,WEST VIRGINIA,2013-09-12
4374202,3000,ML,2.2,WEST VIRGINIA,2013-09-13
5153940,7300,ML,2.5,NEW YORK,2015-05-14
5005202,9700,ML,1.9,NEW YORK,2014-09-02
4488462,14800,ML,2.1,NEW YORK,2013-10-09
4488100,18700,ML,1.6,NEW YORK,2013-11-18
4309449,2300,ML,3.1,WEST VIRGINIA,2012-11-01
4220964,15500,ML,2.9,WEST VIRGINIA,2012-12-11
4221020,6700,ML,3.1,WEST VIRGINIA,2012-12-17
4638420,2000,ML,2.3,WEST VIRGINIA,2014-01-17
4218973,6100,ML,2.5,WEST VIRGINIA,2012-10-03
4218974,8400,ML,2.3,WEST VIRGINIA,2012-10-03
4219042,6300,ML,2.4,WEST VIRGINIA,2012-10-09
4219161,3700,ML,2.6,WEST VIRGINIA,2012-10-22
4219244,8000,ML,2.9,WEST VIRGINIA,2012-10-29
4309456,12100,ML,2.5,WEST VIRGINIA,2012-11-02
4309492,3500,ML,2.9,WEST VIRGINIA,2012-11-06
4220926,5900,ML,2.7,WEST VIRGINIA,2012-12-07
4599578,9900,ML,1.9,WEST VIRGINIA,2013-12-27
4220924,12900,ML,2.6,WEST VIRGINIA,2012-12-07
5110465,4200,ML,2.6,WEST VIRGINIA,2014-11-25
4638351,11200,ML,1.9,NEW YORK,2014-01-10
4638383,11900,ML,2.2,NEW YORK,2014-01-14
4638395,2300,ML,2.5,WEST VIRGINIA,2014-01-15
4221131,4100,ML,2.8,WEST VIRGINIA,2012-12-28
4221101,2700,ML,3.1,WEST VIRGINIA,2012-12-26
4221159,8300,ML,2.6,WEST VIRGINIA,2012-12-31
4223383,6500,ML,2.8,WEST VIRGINIA,2013-01-11
4223366,6000,ML,2.5,WEST VIRGINIA,2013-01-09
4223434,7400,ML,2.5,WEST VIRGINIA,2013-01-15
4310337,11300,ML,2.3,WEST VIRGINIA,2013-02-05
4310338,5400,ML,2.7,WEST VIRGINIA,2013-02-05
4310339,9100,ML,2.5,WEST VIRGINIA,2013-02-05
4310372,7000,ML,2.3,PENNSYLVANIA,2013-02-07
usp00000s4,14000,lg,3.8,New Jersey,1973-02-28
usp00002qn,1000,mb,3.4,New York,1973-07-15
usp00005q5,2000,lg,2.5,Virginia,1974-03-23
usp0000644,3000,mb,3.0,Pennsylvania,1974-04-27
usp00006jz,8000,lg,3.6,West Virginia,1974-05-30
usp00006p4,2000,ml,3.3,New York,1974-06-07
usp00008g9,11000,lg,3.4,West Virginia,1974-10-20
usp000f9db,7000,ml,2.6,New York,2007-04-11
4767828,11700,ML,2.4,WEST VIRGINIA,2014-02-19
4766642,5900,ML,2.0,PENNSYLVANIA,2014-03-03
4766653,10700,ML,2.2,NEW YORK,2014-03-04
4766810,22400,ML,2.2,NEW JERSEY,2014-03-14
5005436,16900,ML,2.3,NEW YORK,2014-09-22
4767791,15800,ML,2.6,WEST VIRGINIA,2014-02-14
4767815,5000,ML,2.1,WEST VIRGINIA,2014-02-18
4767822,14900,ML,2.2,NEW YORK,2014-02-19
4225359,5400,ML,2.5,WEST VIRGINIA,2013-03-06
4225376,3700,ML,2.5,WEST VIRGINIA,2013-03-07
4767814,10800,ML,1.4,VIRGINIA,2014-02-18
4225580,11900,ML,2.7,WEST VIRGINIA,2013-03-21
4225584,10600,ML,2.5,WEST VIRGINIA,2013-03-21
5111789,14000,ML,2.1,NEW YORK,2015-01-28
5111796,3300,ML,2.3,WEST VIRGINIA,2015-01-29
5111806,3900,ML,2.6,WEST VIRGINIA,2015-01-29
4820677,1300,ML,2.5,WEST VIRGINIA,2014-07-15
4310620,4200,ML,2.7,WEST VIRGINIA,2013-02-28
4766875,4900,ML,2.5,WEST VIRGINIA,2014-03-19
4766948,12900,ML,2.0,PENNSYLVANIA,2014-03-24
4766905,12300,ML,2.3,PENNSYLVANIA,2014-03-21
4766963,7400,ML,1.9,NEW YORK,2014-03-25
4310832,7600,ML,2.7,WEST VIRGINIA,2013-04-05
4311132,14300,ML,2.4,WEST VIRGINIA,2013-04-30
4225641,6500,ML,2.4,OHIO,2013-03-25
usp000fbyb,5600,mblg,2.9,Vermont,2007-05-14
usp000fbzw,7000,mblg,2.1,Pennsylvania,2007-05-15
usp000fgz1,14000,md,2.6,New York,2007-07-24
usp000g1vf,18000,md,2.8,"Ontario-Quebec border region, Canada",2008-03-20
usp000gj49,18000,ml,2.9,"southern Quebec, Canada",2008-10-02
4225666,5800,ML,2.6,WEST VIRGINIA,2013-03-27
4369085,2600,ML,3.0,WEST VIRGINIA,2013-05-02
4369068,2300,ML,2.7,WEST VIRGINIA,2013-05-01
4369095,7300,ML,2.4,WEST VIRGINIA,2013-05-03
4808365,11700,ML,2.1,NEW YORK,2014-05-01
4808402,3100,ML,2.5,WEST VIRGINIA,2014-05-05
4808557,9600,ML,2.5,WEST VIRGINIA,2014-05-20
4808403,11600,ML,2.5,PENNSYLVANIA,2014-05-05
4808435,4600,ML,1.9,NEW YORK,2014-05-08
5005438,14400,ML,2.4,NEW YORK,2014-09-22
4372715,11500,ML,2.5,WEST VIRGINIA,2013-07-30
4372719,13100,ML,2.0,VIRGINIA,2013-07-30
4820833,12900,ML,2.0,NEW YORK,2014-07-30
4820838,5800,ML,2.2,WEST VIRGINIA,2014-07-30
4310626,17500,ML,2.5,WEST VIRGINIA,2013-02-28
4219051,2900,ML,2.7,WEST VIRGINIA,2012-10-10
4310586,17400,ML,2.6,WEST VIRGINIA,2013-02-25
4310594,15400,ML,2.7,WEST VIRGINIA,2013-02-26
4225329,12800,ML,2.5,WEST VIRGINIA,2013-03-05
4223445,700,ML,2.8,WEST VIRGINIA,2013-01-16
4808572,17800,ML,1.5,VIRGINIA,2014-05-22
5110335,2000,ML,2.1,WEST VIRGINIA,2014-11-12
4808609,10700,ML,1.9,NEW YORK,2014-05-27
4372022,7000,ML,2.1,WEST VIRGINIA,2013-08-16
4372162,4800,ML,2.1,WEST VIRGINIA,2013-08-23
4808563,14600,ML,1.7,NEW YORK,2014-05-21
4372017,15000,ML,2.6,WEST VIRGINIA,2013-08-16
5005413,6800,ML,2.4,WEST VIRGINIA,2014-09-18
4225282,300,ML,2.6,WEST VIRGINIA,2013-03-01
4374374,100,ML,2.2,WEST VIRGINIA,2013-09-24
4638493,13300,ML,2.3,PENNSYLVANIA,2014-01-24
usp0000de4,3000,mb,4.0,New York,1975-11-03
4220886,1100,ML,2.4,WEST VIRGINIA,2012-12-04
usp0000fdj,5000,lg,2.4,"Greater New York area, New Jersey",1976-03-11
5153926,4800,ML,2.0,NEW YORK,2015-05-08
5153932,8600,ML,2.0,NEW YORK,2015-05-11
5153942,12900,ML,1.9,NEW YORK,2015-05-14
5153952,16700,ML,2.0,NEW YORK,2015-05-19
5153956,11400,ML,2.0,NEW YORK,2015-05-20
5153957,16300,ML,2.4,NEW YORK,2015-05-20
4213942,2500,ML,2.6,WEST VIRGINIA,2012-08-23
4214097,7000,ML,2.5,WEST VIRGINIA,2012-08-31
4217587,6100,ML,2.7,WEST VIRGINIA,2012-09-04
4217618,5300,ML,2.5,WEST VIRGINIA,2012-09-07
4217670,9900,ML,2.6,WEST VIRGINIA,2012-09-12
5005387,500,ML,2.3,WEST VIRGINIA,2014-09-16
5005422,300,ML,2.4,WEST VIRGINIA,2014-09-19
5153976,16000,ML,1.6,NEW YORK,2015-05-26
5153914,14200,ML,2.0,PENNSYLVANIA,2015-05-05
4223529,5600,ML,2.7,WEST VIRGINIA,2013-01-22
4223604,6500,ML,2.4,WEST VIRGINIA,2013-01-25
4369409,14900,ML,2.4,PENNSYLVANIA,2013-05-20
5006120,300,ML,2.5,WEST VIRGINIA,2014-08-08
5006257,100,ML,2.3,PENNSYLVANIA,2014-08-26
4369411,2000,ML,2.5,WEST VIRGINIA,2013-05-20
5110401,100,ML,2.3,WEST VIRGINIA,2014-11-18
4225328,12000,ML,2.6,WEST VIRGINIA,2013-03-05
5005443,8300,ML,2.3,WEST VIRGINIA,2014-09-23
4369755,1200,ML,2.5,WEST VIRGINIA,2013-06-04
4225541,6900,ML,2.5,WEST VIRGINIA,2013-03-18
5111671,100,ML,2.9,WEST VIRGINIA,2015-01-12
4808639,200,ML,2.1,WEST VIRGINIA,2014-05-30
4369904,4800,ML,2.5,WEST VIRGINIA,2013-06-17
4369940,8000,ML,2.5,PENNSYLVANIA,2013-06-20
4219262,7700,ML,2.7,WEST VIRGINIA,2012-10-31
4221124,32300,ML,2.8,WEST VIRGINIA,2012-12-28
4223352,2700,ML,2.4,WEST VIRGINIA,2013-01-08
4372604,4200,ML,2.7,NEW YORK,2013-07-17
usp000gkjn,5000,md,2.1,Pennsylvania,2008-10-19
usp000gkjr,4000,md,1.8,Pennsylvania,2008-10-19
usp000gkjt,5000,md,1.7,Pennsylvania,2008-10-19
usp000gkmj,5000,md,1.5,Pennsylvania,2008-10-20
usp000gkvt,5000,md,1.2,Pennsylvania,2008-10-23
usp000grke,4000,md,3.4,Pennsylvania,2008-12-27
4371859,8100,ML,2.1,WEST VIRGINIA,2013-08-06
4371870,3600,ML,2.4,WEST VIRGINIA,2013-08-07
4374069,2000,ML,2.7,PENNSYLVANIA,2013-09-06
4225606,11400,ML,2.8,WEST VIRGINIA,2013-03-22
5110237,1200,ML,2.5,WEST VIRGINIA,2014-11-03
4371964,13200,ML,2.6,WEST VIRGINIA,2013-08-13
4310976,12000,ML,2.1,WEST VIRGINIA,2013-04-17
4372002,7400,ML,2.4,PENNSYLVANIA,2013-08-15
4374119,3400,ML,2.5,WEST VIRGINIA,2013-09-09
4374129,12200,ML,2.4,PENNSYLVANIA,2013-09-10
4374247,5700,ML,2.1,PENNSYLVANIA,2013-09-17
4374309,8500,ML,2.5,PENNSYLVANIA,2013-09-20
4488505,4800,ML,2.3,WEST VIRGINIA,2013-10-11
4488541,13400,ML,1.7,NEW YORK,2013-10-14
4488662,14800,ML,1.6,NEW YORK,2013-10-23
4488687,8900,ML,2.5,WEST VIRGINIA,2013-10-25
4488738,6400,ML,1.9,NEW YORK,2013-10-30
4488114,14900,ML,2.2,PENNSYLVANIA,2013-11-19
4488035,14100,ML,2.1,NEW YORK,2013-11-13
4488124,9800,ML,2.4,WEST VIRGINIA,2013-11-20
4488145,12000,ML,2.4,PENNSYLVANIA,2013-11-21
4488162,3500,ML,2.2,WEST VIRGINIA,2013-11-22
4488164,13400,ML,2.1,WEST VIRGINIA,2013-11-22
4599569,10000,ML,2.3,PENNSYLVANIA,2013-12-24
4638571,12000,ML,2.0,NEW YORK,2014-01-31
4766991,19500,ML,2.3,NEW YORK,2014-03-27
5006274,11200,ML,2.3,PENNSYLVANIA,2014-08-28
5006278,18000,ML,2.4,NEW YORK,2014-08-29
5005324,7900,ML,2.6,PENNSYLVANIA,2014-09-12
5007444,14200,ML,2.3,VIRGINIA,2014-10-01
5111753,20400,ML,2.4,WEST VIRGINIA,2015-01-22
5111760,10900,ML,2.3,PENNSYLVANIA,2015-01-23
5007460,6700,ML,2.3,WEST VIRGINIA,2014-10-03
5007485,9400,ML,1.5,NEW YORK,2014-10-07
5007505,8700,ML,2.4,PENNSYLVANIA,2014-10-09
usp000j2aw,4200,ml,1.7,"Greater Philadelphia area, Pennsylvania",2011-05-28
5115012,2800,ML,2.6,WEST VIRGINIA,2015-03-24
4374268,4700,ML,2.3,WEST VIRGINIA,2013-09-18
5153902,14200,ML,2.2,NEW YORK,2015-05-01
5153906,13000,ML,1.7,NEW YORK,2015-05-01
5153913,8800,ML,2.6,PENNSYLVANIA,2015-05-04
5153974,10100,ML,2.0,NEW YORK,2015-05-26
5153980,13100,ML,2.0,NEW YORK,2015-05-28
5153986,7700,ML,2.1,NEW YORK,2015-05-29
5006215,7200,ML,2.0,NEW YORK,2014-08-20
5006235,8800,ML,2.3,WEST VIRGINIA,2014-08-22
5114994,12300,ML,2.5,PENNSYLVANIA,2015-03-19
4374434,1100,ML,2.2,WEST VIRGINIA,2013-09-27
4488688,1100,ML,2.2,WEST VIRGINIA,2013-10-25
4638575,1500,ML,2.6,WEST VIRGINIA,2014-01-31
4815766,1400,ML,2.6,WEST VIRGINIA,2014-06-26
4487956,2000,ML,2.4,WEST VIRGINIA,2013-11-07
5007577,8400,ML,2.2,WEST VIRGINIA,2014-10-22
5007603,12200,ML,2.1,NEW JERSEY,2014-10-28
5007620,2800,ML,2.2,NEW YORK,2014-10-30
5110277,8400,ML,2.5,WEST VIRGINIA,2014-11-06
5110281,13600,ML,2.2,PENNSYLVANIA,2014-11-07
5110287,5300,ML,2.2,WEST VIRGINIA,2014-11-07
5110316,5400,ML,2.1,WEST VIRGINIA,2014-11-10
5110372,3600,ML,2.1,WEST VIRGINIA,2014-11-14
5110409,7600,ML,2.3,WEST VIRGINIA,2014-11-19
5109396,6000,ML,2.0,WEST VIRGINIA,2014-12-17
5111626,12400,ML,2.1,PENNSYLVANIA,2015-01-02
5111670,2500,ML,2.5,WEST VIRGINIA,2015-01-12
5111706,5500,ML,2.6,WEST VIRGINIA,2015-01-16
5114987,8100,ML,2.8,PENNSYLVANIA,2015-03-17
5114995,6100,ML,2.3,WEST VIRGINIA,2015-03-19
5114997,7700,ML,2.4,WEST VIRGINIA,2015-03-19
5115029,3000,ML,2.1,WEST VIRGINIA,2015-03-31
5153945,10500,ML,2.1,NEW YORK,2015-05-15
5153948,14100,ML,2.1,NEW YORK,2015-05-18
se101313a,2800,Md,2.2,"10km WNW of Sutton, West Virginia",2013-10-13
4217680,4200,ML,2.7,WEST VIRGINIA,2012-09-13
5153949,13300,ML,1.6,NEW YORK,2015-05-18
5153951,6100,ML,1.3,NEW YORK,2015-05-19
5153954,2400,ML,1.9,NEW YORK,2015-05-20
5153962,14200,ML,2.1,NEW YORK,2015-05-21
5153978,14400,ML,1.6,NEW YORK,2015-05-27
4217814,13100,ML,2.4,WEST VIRGINIA,2012-09-27
4221021,3200,ML,2.5,WEST VIRGINIA,2012-12-17
4309537,10700,ML,2.6,WEST VIRGINIA,2012-11-12
4309543,2400,ML,2.9,WEST VIRGINIA,2012-11-14
4220954,13500,ML,2.6,WEST VIRGINIA,2012-12-10
4220991,3600,ML,2.7,WEST VIRGINIA,2012-12-14
4221096,11400,ML,2.6,WEST VIRGINIA,2012-12-26
4310375,11600,ML,2.4,WEST VIRGINIA,2013-02-07
4223474,6000,ML,2.9,WEST VIRGINIA,2013-01-18
4223487,14500,ML,2.6,WEST VIRGINIA,2013-01-18
5109414,1600,ML,2.4,WEST VIRGINIA,2014-12-31
4310601,7800,ML,2.6,WEST VIRGINIA,2013-02-26
4310623,2300,ML,2.4,WEST VIRGINIA,2013-02-28
4225583,10700,ML,2.5,WEST VIRGINIA,2013-03-21
4225603,10200,ML,1.7,WEST VIRGINIA,2013-03-22
4225493,9900,ML,2.5,WEST VIRGINIA,2013-03-15
4311146,5900,ML,2.8,WEST VIRGINIA,2013-04-30
4310972,7300,ML,2.9,WEST VIRGINIA,2013-04-17
4369787,9800,ML,2.4,WEST VIRGINIA,2013-06-05
4369847,7400,ML,2.5,WEST VIRGINIA,2013-06-11
4369855,9600,ML,2.3,WEST VIRGINIA,2013-06-12
4369856,3400,ML,2.6,WEST VIRGINIA,2013-06-12
4369857,6500,ML,2.3,WEST VIRGINIA,2013-06-12
4369439,11300,ML,2.6,WEST VIRGINIA,2013-05-21
4369471,10800,ML,2.0,WEST VIRGINIA,2013-05-23
4225598,1600,ML,2.5,WEST VIRGINIA,2013-03-22
4372705,6400,ML,2.8,WEST VIRGINIA,2013-07-29
4371790,11100,ML,2.3,WEST VIRGINIA,2013-08-02
4371829,2400,ML,2.3,WEST VIRGINIA,2013-08-05
4638330,12500,ML,2.6,WEST VIRGINIA,2014-01-07
5109392,1400,ML,2.7,WEST VIRGINIA,2014-12-16
4369754,13300,ML,2.7,WEST VIRGINIA,2013-06-04
4369756,8900,ML,2.5,WEST VIRGINIA,2013-06-04
4371967,1900,ML,2.7,PENNSYLVANIA,2013-08-13
4369216,1400,ML,2.8,WEST VIRGINIA,2013-05-09
4488561,12600,ML,2.2,WEST VIRGINIA,2013-10-16
usp000b3vs,5000,md,2.8,Ohio,2002-05-06
4808501,5200,ML,2.9,WEST VIRGINIA,2014-05-15
4820600,3900,ML,2.2,WEST VIRGINIA,2014-07-09
ld60085446,9300,ml,2.15,"8km NNW of Huntingdon, Canada",2014-12-30
4372212,12300,ML,2.5,WEST VIRGINIA,2013-08-27
4371840,14100,ML,2.5,WEST VIRGINIA,2013-08-05
4374313,2700,ML,2.6,WEST VIRGINIA,2013-09-20
4374375,12900,ML,2.4,NEW YORK,2013-09-24
4374417,7500,ML,2.4,WEST VIRGINIA,2013-09-26
4374439,8200,ML,2.6,WEST VIRGINIA,2013-09-27
4488359,5200,ML,2.3,WEST VIRGINIA,2013-10-02
4488479,14000,ML,2.1,WEST VIRGINIA,2013-10-10
4374106,4100,ML,2.0,WEST VIRGINIA,2013-09-09
4488494,13700,ML,2.2,WEST VIRGINIA,2013-10-11
4488498,2400,ML,2.5,PENNSYLVANIA,2013-10-11
4487953,3200,ML,2.1,WEST VIRGINIA,2013-11-07
4599391,11600,ML,2.1,NEW YORK,2013-12-04
4599404,12100,ML,2.2,PENNSYLVANIA,2013-12-05
4599550,14600,ML,2.4,NEW YORK,2013-12-20
4372636,8400,ML,2.3,WEST VIRGINIA,2013-07-20
4488081,5200,ML,2.4,WEST VIRGINIA,2013-11-16
4638439,8800,ML,2.6,PENNSYLVANIA,2014-01-20
4638565,2500,ML,2.3,WEST VIRGINIA,2014-01-30
5111716,11300,ML,2.6,PENNSYLVANIA,2015-01-19
4638404,20600,ML,2.2,WEST VIRGINIA,2014-01-16
4638446,3100,ML,2.0,WEST VIRGINIA,2014-01-20
5006102,13600,ML,1.7,NEW YORK,2014-08-06
5006114,11600,ML,2.5,WEST VIRGINIA,2014-08-07
5006139,11100,ML,1.7,PENNSYLVANIA,2014-08-11
5006155,17400,ML,1.9,NEW YORK,2014-08-13
5006168,12000,ML,2.5,WEST VIRGINIA,2014-08-13
5006174,2100,ML,2.5,WEST VIRGINIA,2014-08-14
4820759,3700,ML,2.1,WEST VIRGINIA,2014-07-23
4820768,14700,ML,2.0,NEW YORK,2014-07-24
4369954,1700,ML,2.3,WEST VIRGINIA,2013-06-21
4820786,14700,ML,2.2,NEW YORK,2014-07-25
4213054,13600,ML,2.6,WEST VIRGINIA,2012-07-30
4225320,7800,ML,2.6,WEST VIRGINIA,2013-03-04
4213765,2100,ML,2.5,WEST VIRGINIA,2012-08-07
4213882,2100,ML,2.8,WEST VIRGINIA,2012-08-17
4309448,400,ML,2.9,WEST VIRGINIA,2012-11-01
4369224,1300,ML,2.5,WEST VIRGINIA,2013-05-10
4213931,7800,ML,2.6,WEST VIRGINIA,2012-08-22
5110447,3800,ML,2.4,WEST VIRGINIA,2014-11-22
4638372,2700,ML,2.5,WEST VIRGINIA,2014-01-11
4213954,14900,ML,2.7,WEST VIRGINIA,2012-08-24
4309663,1000,ML,2.9,WEST VIRGINIA,2012-11-30
4808511,1200,ML,2.2,WEST VIRGINIA,2014-05-15
4221086,4500,ML,2.3,WEST VIRGINIA,2012-12-23
4310563,12300,ML,2.6,WEST VIRGINIA,2013-02-23
5111721,9700,ML,2.5,PENNSYLVANIA,2015-01-19
5110434,4700,ML,2.6,WEST VIRGINIA,2014-11-21
4310577,11300,ML,2.6,WEST VIRGINIA,2013-02-25
4225380,9400,ML,2.3,WEST VIRGINIA,2013-03-07
4225419,3500,ML,2.8,WEST VIRGINIA,2013-03-11
4225452,11700,ML,2.3,WEST VIRGINIA,2013-03-13
4225568,15900,ML,2.5,WEST VIRGINIA,2013-03-20
4225578,9400,ML,2.7,WEST VIRGINIA,2013-03-21
4214742,1200,ML,3.1,WEST VIRGINIA,2013-03-27
5006224,14700,ML,1.9,NEW YORK,2014-08-21
5006225,14400,ML,2.2,NEW YORK,2014-08-21
5006233,10600,ML,1.6,NEW YORK,2014-08-22
5006282,10300,ML,2.1,NEW YORK,2014-08-29
4371836,11500,ML,2.4,WEST VIRGINIA,2013-08-05
4372417,1700,ML,2.4,WEST VIRGINIA,2013-07-01
4225556,5500,ML,2.6,WEST VIRGINIA,2013-03-19
5006285,12100,ML,2.5,WEST VIRGINIA,2014-08-29
5005280,12900,ML,2.3,PENNSYLVANIA,2014-09-09
5006206,8200,ML,2.4,PENNSYLVANIA,2014-08-19
5006216,5900,ML,2.4,WEST VIRGINIA,2014-08-20
5005327,8000,ML,2.2,WEST VIRGINIA,2014-09-12
5005357,13900,ML,1.7,NEW YORK,2014-09-15
4225596,14900,ML,2.9,WEST VIRGINIA,2013-03-22
4212946,21300,ML,2.7,WEST VIRGINIA,2012-07-16
4213028,5200,ML,2.7,WEST VIRGINIA,2012-07-27
5109397,1000,ML,2.4,NEW YORK,2014-12-17
4223362,2900,ML,2.6,WEST VIRGINIA,2013-01-09
4223424,12300,ML,2.5,WEST VIRGINIA,2013-01-15
4223466,14300,ML,2.6,WEST VIRGINIA,2013-01-17
4225593,17100,ML,2.9,WEST VIRGINIA,2013-03-22
4767824,16700,ML,2.3,WEST VIRGINIA,2014-02-19
4310390,10800,ML,2.5,WEST VIRGINIA,2013-02-08
4225401,14100,ML,2.1,WEST VIRGINIA,2013-03-09
4225404,6500,ML,2.4,WEST VIRGINIA,2013-03-09
4371751,10800,ML,1.9,PENNSYLVANIA,2013-08-01
4371758,5400,ML,2.5,WEST VIRGINIA,2013-08-01
4813102,3200,ML,2.3,WEST VIRGINIA,2014-04-28
4369790,7700,ML,1.9,WEST VIRGINIA,2013-06-06
4369806,12400,ML,2.1,WEST VIRGINIA,2013-06-07
4369854,6100,ML,2.5,WEST VIRGINIA,2013-06-12
4820664,13900,ML,2.4,PENNSYLVANIA,2014-07-14
4815794,4600,ML,1.8,PENNSYLVANIA,2014-06-30
4820698,5700,ML,2.3,PENNSYLVANIA,2014-07-17
4820762,14600,ML,2.4,WEST VIRGINIA,2014-07-23
4369869,16500,ML,2.3,WEST VIRGINIA,2013-06-13
4369870,14300,ML,2.7,WEST VIRGINIA,2013-06-13
4372702,13000,ML,1.9,WEST VIRGINIA,2013-07-29
4369143,4900,ML,2.4,WEST VIRGINIA,2013-05-06
4369182,19100,ML,2.4,PENNSYLVANIA,2013-05-08
4369198,5700,ML,2.0,WEST VIRGINIA,2013-05-09
4488497,11700,ML,2.1,PENNSYLVANIA,2013-10-11
4369228,12700,ML,2.5,PENNSYLVANIA,2013-05-10
4310450,10300,ML,2.8,WEST VIRGINIA,2013-02-13
4212956,2600,ML,2.4,WEST VIRGINIA,2012-07-18
4212962,8900,ML,2.5,WEST VIRGINIA,2012-07-18
4374388,1300,ML,2.7,WEST VIRGINIA,2013-09-24
4371817,1700,ML,2.7,WEST VIRGINIA,2013-08-03
4813095,4700,ML,2.7,WEST VIRGINIA,2014-04-26
4372183,1700,ML,2.4,WEST VIRGINIA,2013-08-24
4223478,22100,ML,2.8,WEST VIRGINIA,2013-01-18
5109345,10900,ML,2.1,NEW YORK,2014-12-01
4488236,9000,ML,2.6,WEST VIRGINIA,2013-11-27
4310987,10900,ML,2.6,WEST VIRGINIA,2013-04-18
4311050,3300,ML,2.7,WEST VIRGINIA,2013-04-23
4311051,9000,ML,2.0,WEST VIRGINIA,2013-04-23
4374373,13700,ML,1.9,NEW YORK,2013-09-24
4374430,5200,ML,2.7,PENNSYLVANIA,2013-09-27
4374469,7600,ML,1.9,"SOUTHERN QUEBEC, CANADA",2013-09-30
4488341,11400,ML,2.2,PENNSYLVANIA,2013-10-01
4488376,6800,ML,2.7,PENNSYLVANIA,2013-10-03
5005482,5300,ML,1.8,WEST VIRGINIA,2014-09-27
5006103,11700,ML,2.0,WEST VIRGINIA,2014-08-06
5006110,14500,ML,2.0,NEW YORK,2014-08-07
5006124,10000,ML,2.0,NEW YORK,2014-08-08
4488387,10900,ML,2.2,PENNSYLVANIA,2013-10-04
4310533,10500,ML,2.5,WEST VIRGINIA,2013-02-20
4488446,11100,ML,2.4,WEST VIRGINIA,2013-10-08
4487924,4100,ML,2.4,WEST VIRGINIA,2013-11-05
4487928,6400,ML,2.9,WEST VIRGINIA,2013-11-05
4212916,2700,ML,2.5,WEST VIRGINIA,2012-07-12
4488017,12000,ML,2.4,WEST VIRGINIA,2013-11-12
4488101,12000,ML,2.5,WEST VIRGINIA,2013-11-18
4488110,6500,ML,2.6,PENNSYLVANIA,2013-11-19
4488020,7700,ML,2.1,OHIO,2013-11-12
4767725,9000,ML,2.2,WEST VIRGINIA,2014-02-06
5005435,12000,ML,2.4,WEST VIRGINIA,2014-09-22
5005264,16500,ML,1.7,PENNSYLVANIA,2014-09-08
4599573,4100,ML,2.2,WEST VIRGINIA,2013-12-26
4599597,15100,ML,1.7,NEW YORK,2013-12-30
4638291,3700,ML,1.6,WEST VIRGINIA,2014-01-03
5005460,4700,ML,2.6,WEST VIRGINIA,2014-09-25
5005511,4100,ML,2.2,WEST VIRGINIA,2014-09-30
4767864,8900,ML,2.0,WEST VIRGINIA,2014-02-25
4638419,10700,ML,2.1,WEST VIRGINIA,2014-01-17
4638457,3400,ML,2.2,WEST VIRGINIA,2014-01-21
4766637,6900,ML,2.3,PENNSYLVANIA,2014-03-03
usp0006k6r,15500,mblg,2.9,New York,1994-09-29
usp0006u2q,5000,md,2.7,Pennsylvania,1995-03-11
4767720,13000,ML,2.3,PENNSYLVANIA,2014-02-06
5110272,6600,ML,1.9,PENNSYLVANIA,2014-11-06
4808423,14900,ML,2.2,NEW YORK,2014-05-07
4808442,13300,ML,2.2,PENNSYLVANIA,2014-05-08
4808497,12200,ML,2.2,NEW YORK,2014-05-14
4812995,4400,ML,2.3,WEST VIRGINIA,2014-04-10
4808371,4600,ML,2.6,WEST VIRGINIA,2014-05-01
4808548,11000,ML,1.5,VIRGINIA,2014-05-20
4217660,3900,ML,2.7,WEST VIRGINIA,2012-09-11
4217664,2100,ML,2.6,WEST VIRGINIA,2012-09-12
4213863,7000,ML,2.7,WEST VIRGINIA,2012-08-16
4217585,9600,ML,2.6,WEST VIRGINIA,2012-09-04
5110288,1800,ML,2.1,WEST VIRGINIA,2014-11-07
4217716,2300,ML,2.5,WEST VIRGINIA,2012-09-18
4217749,8900,ML,2.8,WEST VIRGINIA,2012-09-21
5007549,5000,ML,2.2,WEST VIRGINIA,2014-10-16
5007630,6700,ML,2.3,WEST VIRGINIA,2014-10-31
5110285,2800,ML,2.3,WEST VIRGINIA,2014-11-07
4223600,14700,ML,3.0,WEST VIRGINIA,2013-01-25
4217744,6700,ML,2.1,WEST VIRGINIA,2012-09-21
5110428,6300,ML,2.3,WEST VIRGINIA,2014-11-21
5007490,6900,ML,1.7,VIRGINIA,2014-10-07
5109405,10100,ML,2.3,NEW YORK,2014-12-24
4223610,5500,ML,3.1,WEST VIRGINIA,2013-01-26
5111657,9700,ML,2.5,WEST VIRGINIA,2015-01-09
5111658,13900,ML,2.5,WEST VIRGINIA,2015-01-09
5111668,7100,ML,2.5,PENNSYLVANIA,2015-01-12
5109408,8300,ML,2.1,WEST VIRGINIA,2014-12-28
4309630,1200,ML,2.9,WEST VIRGINIA,2012-11-26
4223441,1400,ML,2.5,WEST VIRGINIA,2013-01-16
4221066,5200,ML,2.8,WEST VIRGINIA,2012-12-20
4225463,200,ML,2.5,WEST VIRGINIA,2013-03-14
4225491,100,ML,2.4,WEST VIRGINIA,2013-03-15
4369292,500,ML,2.5,WEST VIRGINIA,2013-05-14
4225279,11500,ML,2.4,WEST VIRGINIA,2013-03-01
4310812,8300,ML,1.9,WEST VIRGINIA,2013-04-03
4372034,6100,ML,2.5,WEST VIRGINIA,2013-08-16
4372092,10300,ML,2.5,WEST VIRGINIA,2013-08-20
4372099,6600,ML,2.3,WEST VIRGINIA,2013-08-20
4372246,21100,ML,2.2,"SOUTHERN QUEBEC, CANADA",2013-08-29
4374001,13400,ML,2.2,PENNSYLVANIA,2013-09-03
4374049,5500,ML,2.5,WEST VIRGINIA,2013-09-05
5007535,4900,ML,2.0,NEW YORK,2014-10-14
5007604,13000,ML,2.1,NEW YORK,2014-10-28
5110310,14200,ML,2.1,WEST VIRGINIA,2014-11-10
5110374,10200,ML,2.2,WEST VIRGINIA,2014-11-14
5007500,6600,ML,2.0,CHESAPEAKE BAY REGION,2014-10-08
4310359,100,ML,2.1,WEST VIRGINIA,2013-02-06
4815732,17600,ML,2.1,NEW YORK,2014-06-23
4815741,14600,ML,1.9,NEW YORK,2014-06-24
4766809,400,ML,2.6,PENNSYLVANIA,2014-03-14
4225475,1400,ML,2.5,WEST VIRGINIA,2013-03-14
4221062,1900,ML,2.6,WEST VIRGINIA,2012-12-20
4766797,100,ML,2.3,WEST VIRGINIA,2014-03-13
4766974,900,ML,2.6,WEST VIRGINIA,2014-03-26
4766995,900,ML,2.3,WEST VIRGINIA,2014-03-27
5110437,100,ML,2.2,PENNSYLVANIA,2014-11-21
4217737,12300,ML,2.9,WEST VIRGINIA,2012-09-20
4217766,7000,ML,1.9,WEST VIRGINIA,2012-09-24
5005246,5100,ML,1.9,WEST VIRGINIA,2014-09-05
4767000,500,ML,2.4,WEST VIRGINIA,2014-03-27
4310973,2900,ML,2.0,WEST VIRGINIA,2013-04-17
5005274,600,ML,2.3,WEST VIRGINIA,2014-09-09
4225318,1500,ML,2.4,WEST VIRGINIA,2013-03-04
4369765,1300,ML,2.3,WEST VIRGINIA,2013-06-04
4815711,8600,ML,1.8,WEST VIRGINIA,2014-06-20
4488756,7100,ML,2.5,PENNSYLVANIA,2013-10-31
5111711,2600,ML,2.4,WEST VIRGINIA,2015-01-17
4487885,4400,ML,2.3,WEST VIRGINIA,2013-11-02
5113586,15800,ML,1.9,NEW YORK,2015-02-06
5114929,3800,ML,2.6,WEST VIRGINIA,2015-03-04
5114956,16600,ML,2.0,NEW YORK,2015-03-11
5115008,14400,ML,2.5,PENNSYLVANIA,2015-03-23
5115017,3900,ML,2.0,NEW YORK,2015-03-24
4223612,2000,ML,2.4,WEST VIRGINIA,2013-01-26
5110303,100,ML,2.3,WEST VIRGINIA,2014-11-08
5005207,100,ML,2.5,WEST VIRGINIA,2014-09-02
5005304,100,ML,2.6,WEST VIRGINIA,2014-09-11
5005382,700,ML,2.1,WEST VIRGINIA,2014-09-16
5007613,600,ML,2.3,WEST VIRGINIA,2014-10-29
5110236,200,ML,2.3,WEST VIRGINIA,2014-11-03
4310459,14300,ML,2.7,WEST VIRGINIA,2013-02-14
4310425,12500,ML,2.8,WEST VIRGINIA,2013-02-12
4310462,4400,ML,2.5,WEST VIRGINIA,2013-02-14
4310484,6000,ML,2.6,WEST VIRGINIA,2013-02-15
4220875,10100,ML,2.4,WEST VIRGINIA,2012-12-03
5115025,2600,ML,2.0,WEST VIRGINIA,2015-03-26
5115027,5700,ML,2.5,PENNSYLVANIA,2015-03-27
5111745,16900,ML,1.9,NEW YORK,2015-01-22
4225667,600,ML,2.2,WEST VIRGINIA,2013-03-27
4310917,400,ML,2.2,WEST VIRGINIA,2013-04-12
4217715,500,ML,2.9,WEST VIRGINIA,2012-09-18
4225290,2900,ML,2.6,WEST VIRGINIA,2013-03-02
4225507,7800,ML,2.2,WEST VIRGINIA,2013-03-16
4369890,15500,ML,2.5,WEST VIRGINIA,2013-06-15
4309470,3900,ML,2.7,WEST VIRGINIA,2012-11-03
4310427,4200,ML,2.9,WEST VIRGINIA,2013-02-12
4310466,9400,ML,2.5,WEST VIRGINIA,2013-02-14
4225336,4000,ML,2.5,WEST VIRGINIA,2013-03-05
4225338,17800,ML,2.3,PENNSYLVANIA,2013-03-05
4311065,3700,ML,2.6,WEST VIRGINIA,2013-04-24
4311089,4400,ML,2.4,WEST VIRGINIA,2013-04-26
4369419,4600,ML,2.5,WEST VIRGINIA,2013-05-20
4369438,13500,ML,2.5,PENNSYLVANIA,2013-05-21
4369457,9600,ML,2.5,PENNSYLVANIA,2013-05-22
4369479,8200,ML,2.6,WEST VIRGINIA,2013-05-23
4369483,5200,ML,2.2,WEST VIRGINIA,2013-05-23
4372004,1600,ML,2.6,PENNSYLVANIA,2013-08-15
4310430,14400,ML,2.6,WEST VIRGINIA,2013-02-12
4371834,10300,ML,2.2,PENNSYLVANIA,2013-08-05
4310435,3100,ML,2.6,WEST VIRGINIA,2013-02-13
4310471,2300,ML,2.7,WEST VIRGINIA,2013-02-15
4310480,6100,ML,2.3,WEST VIRGINIA,2013-02-15
4369607,7900,ML,2.3,PENNSYLVANIA,2013-05-30
usp0008amt,5000,mblg,3.0,Pennsylvania,1997-11-14
usp0008r6w,100,mblg,2.5,New York,1998-07-09
4225453,9300,ML,2.6,WEST VIRGINIA,2013-03-13
4225489,2500,ML,2.7,WEST VIRGINIA,2013-03-15
4638417,1000,ML,2.6,PENNSYLVANIA,2014-01-17
4369621,1000,ML,2.3,WEST VIRGINIA,2013-05-31
4371997,400,ML,2.1,WEST VIRGINIA,2013-08-15
4820752,7700,ML,2.3,WEST VIRGINIA,2014-07-22
4820739,17700,ML,2.0,NEW YORK,2014-07-21
4310495,6300,ML,1.9,WEST VIRGINIA,2013-02-16
4488046,1900,ML,2.5,WEST VIRGINIA,2013-11-14
5110243,10300,ML,2.5,VIRGINIA,2014-11-04
5110248,4300,ML,1.6,CHESAPEAKE BAY REGION,2014-11-04
5110256,16900,ML,2.2,PENNSYLVANIA,2014-11-05
4488383,12500,ML,2.6,NEW YORK,2013-10-04
4488447,11000,ML,2.4,PENNSYLVANIA,2013-10-08
4374135,5800,ML,2.4,WEST VIRGINIA,2013-09-10
4225635,2300,ML,2.5,WEST VIRGINIA,2013-03-25
4225715,13700,ML,2.7,WEST VIRGINIA,2013-03-29
4310865,11900,ML,2.2,WEST VIRGINIA,2013-04-09
4310866,2700,ML,2.3,WEST VIRGINIA,2013-04-09
4371895,14900,ML,2.2,PENNSYLVANIA,2013-08-08
4371955,3100,ML,1.9,PENNSYLVANIA,2013-08-12
4813105,11100,ML,2.0,NEW YORK,2014-04-29
4813107,12400,ML,2.1,NEW YORK,2014-04-29
4808368,14900,ML,2.1,NEW YORK,2014-05-01
4372091,500,ML,2.6,WEST VIRGINIA,2013-08-20
4766909,100,ML,2.2,WEST VIRGINIA,2014-03-21
4813001,700,ML,2.2,PENNSYLVANIA,2014-04-11
4767694,800,ML,2.4,PENNSYLVANIA,2014-02-03
4767884,700,ML,2.2,WEST VIRGINIA,2014-02-27
4220925,3500,ML,2.8,WEST VIRGINIA,2012-12-07
4488183,2000,ML,1.8,WEST VIRGINIA,2013-11-23
4225611,12000,ML,2.4,WEST VIRGINIA,2013-03-23
4374215,2100,ML,2.4,WEST VIRGINIA,2013-09-14
4638551,1700,ML,2.5,WEST VIRGINIA,2014-01-29
4370044,9800,ML,2.3,PENNSYLVANIA,2013-06-28
5109364,6000,ML,1.9,PENNSYLVANIA,2014-12-05
5109371,3800,ML,2.5,WEST VIRGINIA,2014-12-08
5109379,7000,ML,1.9,PENNSYLVANIA,2014-12-11
5111777,200,ML,2.6,WEST VIRGINIA,2015-01-26
5114925,200,ML,2.5,WEST VIRGINIA,2015-03-03
4370045,14100,ML,2.3,WEST VIRGINIA,2013-06-28
4372543,14900,ML,2.2,WEST VIRGINIA,2013-07-12
4372575,3100,ML,2.6,WEST VIRGINIA,2013-07-15
4372591,3000,ML,2.6,WEST VIRGINIA,2013-07-16
4372706,15200,ML,2.4,WEST VIRGINIA,2013-07-29
4488681,14900,ML,2.5,VIRGINIA,2013-10-25
usp0001jf6,2000,mblg,2.6,Pennsylvania,1982-02-03
usp0002ka4,5000,md,2.7,New York,1985-09-30
5114950,6000,ML,2.0,PENNSYLVANIA,2015-03-10
5114974,3000,ML,2.3,PENNSYLVANIA,2015-03-13
5153924,5700,ML,1.9,NEW YORK,2015-05-08
4820731,3300,ML,2.0,WEST VIRGINIA,2014-07-19
4820734,4200,ML,2.2,WEST VIRGINIA,2014-07-19
4371816,9800,ML,2.2,WEST VIRGINIA,2013-08-03
4371820,16600,ML,2.2,WEST VIRGINIA,2013-08-03
4488184,4000,ML,2.5,WEST VIRGINIA,2013-11-23
4767705,11400,ML,2.1,PENNSYLVANIA,2014-02-04
4766696,4300,ML,2.4,WEST VIRGINIA,2014-03-07
4767825,14900,ML,2.4,WEST VIRGINIA,2014-02-19
4766857,10700,ML,2.1,NEW YORK,2014-03-18
4813002,3800,ML,1.9,WEST VIRGINIA,2014-04-11
usp000fkzh,2000,ml,3.2,New York,2007-08-30
4372287,100,ML,2.0,WEST VIRGINIA,2013-08-31
4638504,500,ML,2.0,WEST VIRGINIA,2014-01-25
4225509,3700,ML,2.1,WEST VIRGINIA,2013-03-16
4488558,300,ML,1.5,NEW YORK,2013-10-15
4310959,12900,ML,2.7,WEST VIRGINIA,2013-04-16
4488118,100,ML,2.4,WEST VIRGINIA,2013-11-19
4638298,500,ML,2.6,WEST VIRGINIA,2014-01-03
4638385,900,ML,2.3,PENNSYLVANIA,2014-01-14
4638547,500,ML,2.5,WEST VIRGINIA,2014-01-29
5006166,7800,ML,2.7,WEST VIRGINIA,2014-08-13
4225275,4300,ML,2.2,WEST VIRGINIA,2013-03-01
4221051,11400,ML,2.7,WEST VIRGINIA,2012-12-19
4223596,2700,ML,2.4,WEST VIRGINIA,2013-01-25
4223598,14300,ML,2.7,WEST VIRGINIA,2013-01-25
4223599,9200,ML,2.7,WEST VIRGINIA,2013-01-25
4766623,1000,ML,1.8,WEST VIRGINIA,2014-03-01
4311024,2600,ML,2.2,WEST VIRGINIA,2013-04-20
4225281,10400,ML,2.3,WEST VIRGINIA,2013-03-01
4225471,14900,ML,2.6,WEST VIRGINIA,2013-03-14
4225487,11100,ML,2.4,WEST VIRGINIA,2013-03-15
4225465,15500,ML,2.6,WEST VIRGINIA,2013-03-14
4213059,10100,ML,2.7,WEST VIRGINIA,2012-07-31
4820654,12500,ML,2.2,WEST VIRGINIA,2014-07-12
5111764,2200,ML,2.6,WEST VIRGINIA,2015-01-24
4310529,6800,ML,2.7,WEST VIRGINIA,2013-02-20
4310557,3600,ML,3.0,WEST VIRGINIA,2013-02-22
4369148,10700,ML,2.4,WEST VIRGINIA,2013-05-06
4369191,8200,ML,2.5,WEST VIRGINIA,2013-05-08
5005287,14300,ML,2.1,NEW YORK,2014-09-10
5005292,6100,ML,2.1,PENNSYLVANIA,2014-09-10
5111719,5000,ML,2.7,VIRGINIA,2015-01-19
4808636,1500,ML,2.0,WEST VIRGINIA,2014-05-30
4820590,1100,ML,2.1,PENNSYLVANIA,2014-07-08
4220889,700,ML,2.7,WEST VIRGINIA,2012-12-04
4820705,1000,ML,2.1,WEST VIRGINIA,2014-07-17
usp000jyg3,5000,ml,2.4,New York,2013-01-16
ld60032203,9900,ml,2.7,"1km W of Ormstown, Canada",2013-12-21
5006159,15500,ML,2.0,NEW YORK,2014-08-13
5007511,14200,ML,1.9,NEW YORK,2014-10-10
4225610,9000,ML,2.6,WEST VIRGINIA,2013-03-23
5007536,13700,ML,2.1,NEW YORK,2014-10-14
5007545,11800,ML,2.2,NEW YORK,2014-10-16
5007564,14100,ML,2.5,WEST VIRGINIA,2014-10-21
5109407,5500,ML,2.9,WEST VIRGINIA,2014-12-27
5114978,6400,ML,2.4,WEST VIRGINIA,2015-03-14
4219219,11000,ML,2.8,WEST VIRGINIA,2012-10-27
5110377,7300,ML,2.4,WEST VIRGINIA,2014-11-14
5110392,2300,ML,1.6,PENNSYLVANIA,2014-11-17
5110400,9600,ML,2.4,WEST VIRGINIA,2014-11-18
4488459,26200,ML,2.7,WEST VIRGINIA,2013-10-09
ld60064701,9400,ml,1.63,"11km W of Dannemora, New York",2014-02-23
ld60034308,2540,ml,3.0,"2km SSW of Lowellville, Ohio",2014-03-10
4219110,1300,ML,2.8,WEST VIRGINIA,2012-10-17
4310392,14900,ML,2.5,WEST VIRGINIA,2013-02-08
4310493,2300,ML,2.1,WEST VIRGINIA,2013-02-16
4310500,8500,ML,2.0,WEST VIRGINIA,2013-02-16
4225403,2100,ML,2.4,WEST VIRGINIA,2013-03-09
4311103,18400,ML,2.6,WEST VIRGINIA,2013-04-27
4372640,7400,ML,2.1,WEST VIRGINIA,2013-07-20
4225293,1700,ML,2.5,WEST VIRGINIA,2013-03-02
4225339,14900,ML,2.6,WEST VIRGINIA,2013-03-05
4225342,6400,ML,2.6,WEST VIRGINIA,2013-03-05
4225372,6600,ML,2.5,WEST VIRGINIA,2013-03-07
4225374,5500,ML,2.2,WEST VIRGINIA,2013-03-07
ld60086416,5000,ml,1.85,"31km NW of Warrensburg, New York",2015-02-05
ld60041403,6070,ml,1.65,"24km WSW of Malone, New York",2015-02-08
ld60041708,5000,ml,1.93,"21km SSE of Hannawa Falls, New York",2015-02-14
se60004308,5740,md,2.39,"11km E of Bland, Virginia",2015-02-17
usp00091qc,3000,md,2.5,New York,1999-01-25
usp000cc1v,1000,mblg,2.7,Pennsylvania,2003-11-04
4372686,3800,ML,2.5,WEST VIRGINIA,2013-07-25
4372641,9300,ML,2.0,WEST VIRGINIA,2013-07-20
4372699,7900,ML,2.0,WEST VIRGINIA,2013-07-27
ld60059656,12000,ml,1.8,"1km SW of Rye Brook, New York",2014-02-01
ld60074201,5000,ml,1.2,"4km SW of Ringwood, New Jersey",2014-07-18
4225618,14100,ML,2.4,WEST VIRGINIA,2013-03-23
4372569,2000,ML,1.9,WEST VIRGINIA,2013-07-14
4488514,10700,ML,2.0,NEW YORK,2013-10-12
4488146,1700,ML,2.4,WEST VIRGINIA,2013-11-21
4369251,8400,ML,2.2,WEST VIRGINIA,2013-05-11
4369238,3400,ML,2.4,WEST VIRGINIA,2013-05-10
4369274,5000,ML,2.6,WEST VIRGINIA,2013-05-13
4766884,11200,ML,2.7,PENNSYLVANIA,2014-03-20
4766899,15600,ML,1.9,NEW YORK,2014-03-21
4309511,7300,ML,2.6,WEST VIRGINIA,2012-11-08
4309582,12600,ML,2.9,WEST VIRGINIA,2012-11-20
4309515,5400,ML,2.7,WEST VIRGINIA,2012-11-09
4766951,14000,ML,2.5,PENNSYLVANIA,2014-03-24
usp0000eu9,15000,lg,2.8,West Virginia,1976-01-30
usp0000t83,5000,,2.1,New York,1978-03-05
usp0000ukh,6000,,1.5,"Greater New York area, New Jersey",1978-05-18
4310454,1300,ML,2.4,WEST VIRGINIA,2013-02-14
4309566,5800,ML,2.9,WEST VIRGINIA,2012-11-17
4220856,2400,ML,2.5,WEST VIRGINIA,2012-12-01
4213045,31500,ML,2.2,WEST VIRGINIA,2012-07-28
4212970,400,ML,3.4,WEST VIRGINIA,2012-07-19
4219060,2500,ML,3.5,WEST VIRGINIA,2012-10-11
4219092,4300,ML,3.0,WEST VIRGINIA,2012-10-15
4219100,2900,ML,2.4,WEST VIRGINIA,2012-10-16
4310515,14300,ML,2.4,PENNSYLVANIA,2013-02-18
4223668,10600,ML,2.7,WEST VIRGINIA,2013-01-31
4310323,15200,ML,2.1,WEST VIRGINIA,2013-02-04
5153928,11000,ML,2.2,NEW YORK,2015-05-08
4223363,5000,ML,2.6,WEST VIRGINIA,2013-01-09
4223372,3100,ML,2.9,WEST VIRGINIA,2013-01-10
4223451,9600,ML,2.6,WEST VIRGINIA,2013-01-16
4223454,11800,ML,2.6,WEST VIRGINIA,2013-01-17
4370001,5300,ML,2.2,WEST VIRGINIA,2013-06-26
4310501,10100,ML,1.9,WEST VIRGINIA,2013-02-16
4310308,8700,ML,2.1,WEST VIRGINIA,2013-02-02
5109382,2600,ML,2.2,WEST VIRGINIA,2014-12-15
5111690,9200,ML,2.1,PENNSYLVANIA,2015-01-15
4310514,11400,ML,2.4,WEST VIRGINIA,2013-02-18
4310520,14900,ML,2.4,WEST VIRGINIA,2013-02-19
4310546,11400,ML,2.7,WEST VIRGINIA,2013-02-21
4371837,8300,ML,2.6,WEST VIRGINIA,2013-08-05
4310558,10500,ML,2.6,WEST VIRGINIA,2013-02-22
4369527,2700,ML,2.7,WEST VIRGINIA,2013-05-24
4369592,5300,ML,2.5,WEST VIRGINIA,2013-05-29
4310497,2400,ML,2.4,WEST VIRGINIA,2013-02-16
4372435,6000,ML,1.8,PENNSYLVANIA,2013-07-03
4374260,3100,ML,2.4,WEST VIRGINIA,2013-09-18
4374224,6200,ML,2.1,PENNSYLVANIA,2013-09-16
ld60039203,2920,ml,1.7,"5km S of Lake Erie Beach, New York",2014-11-29
4372523,14000,ML,1.7,WEST VIRGINIA,2013-07-11
4372687,6500,ML,2.1,WEST VIRGINIA,2013-07-25
4812988,8700,ML,2.0,NEW YORK,2014-04-10
4812996,3100,ML,2.4,WEST VIRGINIA,2014-04-11
4808545,10600,ML,2.3,WEST VIRGINIA,2014-05-19
4808549,12000,ML,2.0,NEW YORK,2014-05-20
4808630,12400,ML,2.3,PENNSYLVANIA,2014-05-29
4808638,5900,ML,2.1,NEW YORK,2014-05-30
4815558,6200,ML,1.7,NEW YORK,2014-06-05
4815562,16200,ML,1.8,NEW YORK,2014-06-05
4815773,15000,ML,1.6,NEW YORK,2014-06-27
4820552,16700,ML,2.3,NEW YORK,2014-07-03
4815639,9700,ML,1.9,WEST VIRGINIA,2014-06-13
4820632,10000,ML,2.3,PENNSYLVANIA,2014-07-11
4808483,1000,ML,2.8,WEST VIRGINIA,2014-05-13
4808587,200,ML,2.4,WEST VIRGINIA,2014-05-23
4223488,3700,ML,2.5,WEST VIRGINIA,2013-01-18
4223515,14200,ML,2.7,WEST VIRGINIA,2013-01-21
4223523,13500,ML,2.7,WEST VIRGINIA,2013-01-21
4223534,14100,ML,2.5,WEST VIRGINIA,2013-01-22
4223557,3800,ML,2.8,WEST VIRGINIA,2013-01-23
4223580,8000,ML,2.9,WEST VIRGINIA,2013-01-24
4487941,2700,ML,2.5,PENNSYLVANIA,2013-11-06
4488204,12800,ML,2.5,PENNSYLVANIA,2013-11-25
4369248,17900,ML,2.0,OHIO,2013-05-10
4820755,13300,ML,1.6,VIRGINIA,2014-07-23
4220912,200,ML,2.8,WEST VIRGINIA,2012-12-06
4221103,600,ML,2.6,WEST VIRGINIA,2012-12-26
4223312,100,ML,2.7,WEST VIRGINIA,2013-01-04
5109400,1300,ML,2.4,WEST VIRGINIA,2014-12-19
5111680,1300,ML,1.7,WEST VIRGINIA,2015-01-13
5114921,1200,ML,2.5,WEST VIRGINIA,2015-03-02
4311041,400,ML,2.5,WEST VIRGINIA,2013-04-22
4219162,7400,ML,2.7,WEST VIRGINIA,2012-10-22
4219196,3900,ML,2.6,WEST VIRGINIA,2012-10-25
4223649,13300,ML,2.2,WEST VIRGINIA,2013-01-29
4223654,12900,ML,2.9,WEST VIRGINIA,2013-01-30
4223671,3400,ML,2.9,WEST VIRGINIA,2013-01-31
4310292,10200,ML,2.4,WEST VIRGINIA,2013-02-01
4310293,14200,ML,2.7,WEST VIRGINIA,2013-02-01
4225375,3900,ML,2.8,WEST VIRGINIA,2013-03-07
4225387,2200,ML,2.9,WEST VIRGINIA,2013-03-08
4225429,14900,ML,2.6,WEST VIRGINIA,2013-03-11
4225446,11000,ML,2.6,WEST VIRGINIA,2013-03-12
4225537,4500,ML,2.6,WEST VIRGINIA,2013-03-18
5005243,1200,ML,2.1,WEST VIRGINIA,2014-09-05
4310991,11800,ML,2.4,WEST VIRGINIA,2013-04-18
4374244,5900,ML,2.6,WEST VIRGINIA,2013-09-17
4369627,12600,ML,2.4,WEST VIRGINIA,2013-05-31
4374281,11600,ML,2.2,NEW YORK,2013-09-19
4369240,1800,ML,2.5,WEST VIRGINIA,2013-05-10
4371966,1600,ML,2.7,WEST VIRGINIA,2013-08-13
4488339,15400,ML,1.8,NEW YORK,2013-10-01
5007476,14900,ML,2.2,PENNSYLVANIA,2014-10-06
4766990,6100,ML,2.0,WEST VIRGINIA,2014-03-27
4767008,5700,ML,2.7,WEST VIRGINIA,2014-03-28
4812920,3800,ML,2.2,WEST VIRGINIA,2014-04-02
4812963,4300,ML,1.6,VIRGINIA,2014-04-07
5005341,7900,ML,2.2,WEST VIRGINIA,2014-09-13
usp000gdb5,1000,md,2.1,New Jersey,2008-07-28
4812959,10700,ML,2.2,WEST VIRGINIA,2014-04-07
usp000fgz6,15000,md,3.1,New York,2007-07-24
usp000fjdd,5000,ml,2.6,"southern Ontario, Canada",2007-08-11
usp000fpbd,5000,mblg,2.8,"Lake Erie, Ohio",2007-09-28
usp000fubs,7000,md,2.6,New York,2007-12-13
usp000g0z6,6000,md,2.7,New York,2008-03-08
usp000g1gm,3000,md,2.3,New York,2008-03-14
5109378,13900,ML,2.4,PENNSYLVANIA,2014-12-11
5111774,16500,ML,2.2,NEW YORK,2015-01-26
4813014,13500,ML,2.3,PENNSYLVANIA,2014-04-14
usp000gxw4,5000,md,2.9,New York,2009-06-05
usp000grwk,1000,,0.0,Pennsylvania,2008-12-31
usp000gt45,7000,mblg,2.3,New York,2009-01-26
usp000gtz4,2000,md,2.4,"Greater New York area, New Jersey",2009-02-14
usp000gu4z,9000,md,2.7,New York,2009-02-18
usp000gu5q,10000,md,2.4,New York,2009-02-18
usp000gu7q,8000,md,2.7,New York,2009-02-20
usp000guat,7000,md,2.1,New York,2009-02-23
usp000gv9z,16000,md,2.8,New York,2009-03-22
4815551,13100,ML,1.7,PENNSYLVANIA,2014-06-04
4815591,15800,ML,2.4,NEW YORK,2014-06-09
4815633,12300,ML,2.1,PENNSYLVANIA,2014-06-12
4820517,15600,ML,2.0,NEW YORK,2014-07-01
4820543,13300,ML,2.1,NEW YORK,2014-07-02
4820585,15000,ML,1.4,VIRGINIA,2014-07-08
5111763,5300,ML,2.4,WEST VIRGINIA,2015-01-23
5005372,9200,ML,2.8,WEST VIRGINIA,2014-09-15
5007513,12500,ML,2.2,PENNSYLVANIA,2014-10-10
4808618,14600,ML,2.2,NEW YORK,2014-05-28
usp000hn29,23900,md,2.4,New York,2010-10-13
usp000hc1v,100,mblg,2.6,West Virginia,2010-04-29
usp000hc2p,1100,mblg,2.7,West Virginia,2010-04-29
usp000hc39,5000,mblg,2.5,West Virginia,2010-04-29
usp000hcfs,100,md,2.4,West Virginia,2010-05-08
usp000hdhe,8000,md,2.5,New York,2010-06-03
usp000hdhp,1500,ml,2.9,Pennsylvania,2010-06-03
usp000hdna,5000,md,2.3,"Greater New York area, New Jersey",2010-06-06
4815632,12900,ML,2.4,PENNSYLVANIA,2014-06-12
4815645,9200,ML,2.4,WEST VIRGINIA,2014-06-13
4815619,22800,ML,1.9,PENNSYLVANIA,2014-06-11
4815660,11300,ML,1.5,NEW YORK,2014-06-17
4808550,2300,ML,2.6,WEST VIRGINIA,2014-05-20
4815745,11900,ML,2.3,NEW YORK,2014-06-24
4815762,16700,ML,2.1,NEW YORK,2014-06-26
4815637,5600,ML,2.9,WEST VIRGINIA,2014-06-13
usp000j389,8200,ml,2.6,New York,2011-06-16
usp000j47r,5000,ml,0.4,"Greater Philadelphia area, Pennsylvania",2011-07-06
usp000j6z7,5000,mwr,3.0,New York,2011-08-24
usp000j6zc,5000,mblg,2.3,New York,2011-08-24
usp000j70d,12900,mblg,2.7,West Virginia,2011-08-25
usp000j70r,18000,ml,2.8,New York,2011-08-25
usp000j71b,20300,mblg,2.7,New York,2011-08-25
usp000j71v,22900,ml,2.2,New York,2011-08-26
usp000j74e,22100,ml,2.9,New York,2011-08-27
usp000j7ae,5000,mblg,2.8,Ohio,2011-08-31
usp000jvz9,5000,ml,2.2,"Greater Philadelphia area, New Jersey",2012-11-23
usp000jgbk,5000,mblg,2.6,West Virginia,2012-03-16
ld60023903,6400,Ml,1.8,"8km ENE of Broadalbin, New York",2013-02-16
usp000j8rd,5000,ml,2.5,"Youngstown-Akron urban area, Ohio",2011-09-30
usp000j9mc,6000,ml,2.2,"Youngstown-Akron urban area, Ohio",2011-10-20
usp000jb6u,5000,ml,2.4,New York,2011-11-21
usp000jck1,3500,mblg,2.7,"Youngstown-Akron urban area, Ohio",2011-12-24
usp000jcwa,5000,mwr,3.7,"Youngstown-Akron urban area, Ohio",2011-12-31
usp000jd5a,10000,ml,2.3,New York,2012-01-07
usp000jdvu,5000,ml,2.3,New York,2012-01-23
usp000jndf,5000,mblg,2.7,New York,2012-06-30
4820701,4500,ML,2.7,WEST VIRGINIA,2014-07-17
4820753,6600,ML,2.3,WEST VIRGINIA,2014-07-22
4815700,14900,ML,2.2,NEW YORK,2014-06-20
4820682,2400,ML,2.2,WEST VIRGINIA,2014-07-15
4815702,16400,ML,1.6,NEW YORK,2014-06-20
ld60026203,8200,Ml,1.2,"1km ESE of Norwood, New York",2013-05-02
ld60029103,5000,Ml,2.0,"25km NNE of Utica, New York",2013-07-27
se033113a,8100,Mw,3.4,"11km WSW of Sutton, West Virginia",2013-03-31
ld60025313,7500,Ml,1.7,"7km NNW of Brownville, New York",2013-04-01
4487970,7100,ML,2.7,PENNSYLVANIA,2013-11-08
ld60070801,5240,ml,1.02,"0km SW of Lindenwold, New Jersey",2014-06-19
ld60064006,11920,ml,1.65,"4km W of Altamont, New York",2014-02-08
ld60064231,5000,ml,2.18,"8km NNE of Greenville, Pennsylvania",2014-02-09
ld60064321,5000,ml,2.88,"39km SSW of Cobourg, Canada",2014-02-13
ld60034403,5000,ml,2.42,"3km SSW of Lowellville, Ohio",2014-03-10
ld60034408,5000,ml,2.23,"2km S of Lowellville, Ohio",2014-03-10
ld60065316,5000,ml,2.64,"2km S of Lowellville, Ohio",2014-03-10
ld60034503,5220,ml,2.1,"3km S of Lowellville, Ohio",2014-03-11
5006101,13900,ML,1.9,"SOUTHERN QUEBEC, CANADA",2014-08-06
5006158,9900,ML,2.6,CHESAPEAKE BAY REGION,2014-08-13
5006181,7800,ML,2.3,PENNSYLVANIA,2014-08-15
5006202,12700,ML,2.0,PENNSYLVANIA,2014-08-19
5006218,12500,ML,2.0,NEW JERSEY,2014-08-20
5006250,14900,ML,2.5,WEST VIRGINIA,2014-08-25
5006251,6400,ML,1.7,WEST VIRGINIA,2014-08-25
5006265,2700,ML,2.0,NEW YORK,2014-08-27
5006142,1800,ML,2.6,WEST VIRGINIA,2014-08-11
5006106,17000,ML,2.1,PENNSYLVANIA,2014-08-07
5006125,12100,ML,2.1,PENNSYLVANIA,2014-08-08
5006149,7600,ML,2.2,WEST VIRGINIA,2014-08-12
5006197,13200,ML,2.1,NEW YORK,2014-08-18
5006186,14000,ML,1.9,PENNSYLVANIA,2014-08-15
5005389,9000,ML,1.9,NEW YORK,2014-09-17
5005392,11500,ML,1.2,NEW YORK,2014-09-17
5005425,7200,ML,2.2,WEST VIRGINIA,2014-09-19
5005459,12100,ML,2.2,NEW YORK,2014-09-25
5005470,14800,ML,2.1,NEW YORK,2014-09-26
5005498,5200,ML,2.4,PENNSYLVANIA,2014-09-29
5005509,13300,ML,2.1,NEW YORK,2014-09-30
5005331,8200,ML,2.0,WEST VIRGINIA,2014-09-12
5005375,5000,ML,1.7,NEW YORK,2014-09-16
5005377,16000,ML,2.1,NEW YORK,2014-09-16
5005404,10100,ML,2.5,WEST VIRGINIA,2014-09-18
5005496,3700,ML,2.1,WEST VIRGINIA,2014-09-29
5005502,7000,ML,2.1,WEST VIRGINIA,2014-09-29
5005433,8700,ML,1.6,PENNSYLVANIA,2014-09-21
5111752,18300,ML,2.4,WEST VIRGINIA,2015-01-22
5111782,7100,ML,2.7,PENNSYLVANIA,2015-01-27
5113617,2100,ML,2.5,PENNSYLVANIA,2015-02-27
5114946,4300,ML,1.9,VIRGINIA,2015-03-09
5114955,7800,ML,3.1,WEST VIRGINIA,2015-03-11
5111781,1600,ML,2.4,WEST VIRGINIA,2015-01-27
5114968,8300,ML,2.3,NEW JERSEY,2015-03-12
5115007,12100,ML,2.2,NEW YORK,2015-03-23
5115009,4700,ML,1.8,NEW YORK,2015-03-23
5111737,6700,ML,2.8,WEST VIRGINIA,2015-01-21
5111749,13300,ML,2.5,PENNSYLVANIA,2015-01-22
5111794,3200,ML,1.9,PENNSYLVANIA,2015-01-29
5113592,12500,ML,2.0,PENNSYLVANIA,2015-02-12
5114958,4800,ML,2.6,WEST VIRGINIA,2015-03-11
5114922,4300,ML,2.8,OHIO,2015-03-03
5113609,1700,ML,2.7,WEST VIRGINIA,2015-02-26
5153934,13000,ML,1.9,"SOUTHERN QUEBEC, CANADA",2015-05-12
5153935,12300,ML,1.6,NEW YORK,2015-05-12
5153937,9900,ML,2.3,NEW YORK,2015-05-13
5153939,9900,ML,2.4,PENNSYLVANIA,2015-05-14
5153955,11000,ML,1.9,"SOUTHERN QUEBEC, CANADA",2015-05-20
5153960,3200,ML,1.8,"SOUTHERN QUEBEC, CANADA",2015-05-21
5153963,14000,ML,2.1,NEW YORK,2015-05-21
5153965,4300,ML,2.4,PENNSYLVANIA,2015-05-22
5153943,14100,ML,1.1,NEW YORK,2015-05-15
4599478,9100,ML,2.6,WEST VIRGINIA,2013-12-13
4599525,15700,ML,2.5,PENNSYLVANIA,2013-12-18
4599545,6100,ML,2.0,WEST VIRGINIA,2013-12-20
4217707,6200,ML,3.2,WEST VIRGINIA,2012-09-17
4488258,18300,ML,2.0,NEW YORK,2013-11-29
4309661,600,ML,3.2,WEST VIRGINIA,2012-11-30
4220852,20000,ML,2.6,OHIO,2012-12-01
4310424,12900,ML,2.5,WEST VIRGINIA,2013-02-12
4310465,13400,ML,2.5,WEST VIRGINIA,2013-02-14
4310616,6900,ML,2.4,WEST VIRGINIA,2013-02-27
4225324,7700,ML,2.5,WEST VIRGINIA,2013-03-05
4225539,2400,ML,3.0,WEST VIRGINIA,2013-03-18
4225546,12400,ML,2.5,WEST VIRGINIA,2013-03-19
4225552,7000,ML,2.7,WEST VIRGINIA,2013-03-19
4225555,10400,ML,2.1,WEST VIRGINIA,2013-03-19
4369522,9800,ML,2.3,OHIO,2013-05-24
4310492,12800,ML,2.5,WEST VIRGINIA,2013-02-16
4225292,10400,ML,2.3,WEST VIRGINIA,2013-03-02
4311020,7300,ML,2.6,WEST VIRGINIA,2013-04-20
4371838,14900,ML,2.3,WEST VIRGINIA,2013-08-05
4371915,14700,ML,2.3,PENNSYLVANIA,2013-08-09
4371948,11700,ML,2.3,WEST VIRGINIA,2013-08-12
4374121,2800,ML,2.5,WEST VIRGINIA,2013-09-10
4374271,6800,ML,2.4,PENNSYLVANIA,2013-09-18
4488495,12800,ML,2.3,WEST VIRGINIA,2013-10-11
4488570,12500,ML,2.2,WEST VIRGINIA,2013-10-16
4488712,4500,ML,1.9,WEST VIRGINIA,2013-10-28
usp0000dh6,15000,lg,3.2,West Virginia,1975-11-11
usp0001zwk,5000,mblg,2.2,Pennsylvania,1983-11-17
usp0008ndg,3200,md,2.4,Virginia,1998-05-20
4488111,16200,ML,1.9,PENNSYLVANIA,2013-11-19
4638405,12900,ML,2.5,WEST VIRGINIA,2014-01-16
4638442,3700,ML,2.6,WEST VIRGINIA,2014-01-20
4638495,8600,ML,2.5,PENNSYLVANIA,2014-01-24
4638522,6100,ML,2.4,PENNSYLVANIA,2014-01-27
4638561,5400,ML,2.3,PENNSYLVANIA,2014-01-30
4638576,6300,ML,2.5,PENNSYLVANIA,2014-01-31
4766747,7000,ML,2.3,WEST VIRGINIA,2014-03-10
4766760,2900,ML,3.1,WEST VIRGINIA,2014-03-11
4638514,4900,ML,2.6,WEST VIRGINIA,2014-01-25
usp0008pma,4600,md,3.3,New York,1998-06-09
usp000dp28,6600,md,1.9,"Greater New York area, New Jersey",2005-04-23
usp000jd61,12300,ml,2.1,New York,2012-01-07
ld60039503,5000,ml,2.04,"9km NNW of Brownville, New York",2014-11-26
4766664,15900,ML,2.4,OHIO,2014-03-05
4766836,2700,ML,1.9,PENNSYLVANIA,2014-03-17
4766848,5800,ML,2.5,PENNSYLVANIA,2014-03-18
4812922,8700,ML,2.0,"SOUTHERN QUEBEC, CANADA",2014-04-02
4813067,14000,ML,2.1,NEW YORK,2014-04-23
4813077,5200,ML,2.4,NEW YORK,2014-04-24
4813079,4900,ML,2.5,PENNSYLVANIA,2014-04-24
4808382,6400,ML,2.3,PENNSYLVANIA,2014-05-02
4808425,5500,ML,2.6,PENNSYLVANIA,2014-05-07
4808429,2800,ML,2.1,WEST VIRGINIA,2014-05-07
4808546,3800,ML,2.5,WEST VIRGINIA,2014-05-20
4808562,13900,ML,2.0,NEW YORK,2014-05-21
4808619,16300,ML,1.9,NEW YORK,2014-05-28
4815537,6000,ML,1.8,NEW YORK,2014-06-02
4815549,3400,ML,2.5,WEST VIRGINIA,2014-06-03
4815566,11200,ML,1.5,CHESAPEAKE BAY REGION,2014-06-06
4815636,6600,ML,2.3,WEST VIRGINIA,2014-06-12
4815654,15600,ML,2.0,NEW YORK,2014-06-16
4815661,10500,ML,1.9,NEW YORK,2014-06-17
4815663,9100,ML,2.6,PENNSYLVANIA,2014-06-17
4815747,4300,ML,2.2,PENNSYLVANIA,2014-06-24
4820536,5600,ML,1.9,NEW YORK,2014-07-02
4820584,13400,ML,1.6,WEST VIRGINIA,2014-07-08
4820588,7000,ML,1.9,NEW JERSEY,2014-07-08
4820589,12100,ML,1.9,NEW YORK,2014-07-08
4820604,13400,ML,2.1,NEW YORK,2014-07-09
4820661,3000,ML,2.0,NEW JERSEY,2014-07-14
4820675,5000,ML,2.2,WEST VIRGINIA,2014-07-15
4820791,400,ML,3.1,WEST VIRGINIA,2014-07-25
4820836,1800,ML,2.7,PENNSYLVANIA,2014-07-30
5006088,13600,ML,2.2,VIRGINIA,2014-08-04
5005200,1800,ML,2.0,WEST VIRGINIA,2014-09-02
5006091,7900,ML,2.4,WEST VIRGINIA,2014-08-04
5005239,1900,ML,2.1,WEST VIRGINIA,2014-09-05
5007565,7800,ML,2.3,NEW YORK,2014-10-21
5110342,3300,ML,2.5,WEST VIRGINIA,2014-11-12
5110439,2400,ML,2.2,WEST VIRGINIA,2014-11-21
5110473,14100,ML,1.8,NEW YORK,2014-11-26
5109399,10800,ML,2.5,PENNSYLVANIA,2014-12-19
5109411,4200,ML,2.1,NEW YORK,2014-12-29
5111717,9400,ML,2.1,VIRGINIA,2015-01-19
5153905,3600,ML,1.7,NEW YORK,2015-05-01
5153920,2200,ML,2.5,PENNSYLVANIA,2015-05-07
5153921,18600,ML,1.4,"SOUTHERN QUEBEC, CANADA",2015-05-07
5153975,5000,ML,1.9,"SOUTHERN QUEBEC, CANADA",2015-05-26
5153979,10000,ML,2.0,NEW YORK,2015-05-28
5110385,4500,ML,2.0,WEST VIRGINIA,2014-11-15
5006116,1200,ML,2.2,WEST VIRGINIA,2014-08-07
5006203,1200,ML,2.2,WEST VIRGINIA,2014-08-19
5005418,1200,ML,2.3,WEST VIRGINIA,2014-09-19
4369820,6400,ML,2.1,WEST VIRGINIA,2013-06-08
5110466,2900,ML,2.4,WEST VIRGINIA,2014-11-25
5109395,6700,ML,2.0,PENNSYLVANIA,2014-12-17
4371760,8600,ML,2.3,WEST VIRGINIA,2013-08-01
4371767,2400,ML,2.2,WEST VIRGINIA,2013-08-01
4371831,14100,ML,1.4,PENNSYLVANIA,2013-08-05
4813104,13300,ML,1.9,NEW YORK,2014-04-29
usp00029g6,14000,mblg,3.2,"Ontario-Quebec border region, Canada",1984-11-26
usp0002bdu,5200,md,2.2,New York,1985-01-26
usp0002fqj,11100,md,2.8,West Virginia,1985-06-10
usp0002kxs,5000,md,2.0,New York,1985-10-19
usp000gwa7,10000,md,2.2,New York,2009-04-18
usp000gwg6,1000,md,1.1,Pennsylvania,2009-04-22
usp000gwh8,1000,md,2.4,Pennsylvania,2009-04-23
usp000gwhm,1500,md,2.9,Pennsylvania,2009-04-24
usp000gwj0,5000,mblg,3.3,Ohio,2009-04-24
usp000gwq2,1000,md,2.0,Pennsylvania,2009-04-30
usp000gx0h,1000,md,1.3,Pennsylvania,2009-05-11
usp000gx8n,9000,md,3.0,New York,2009-05-18
usp000gx8v,6000,md,2.1,New York,2009-05-18
5110444,2800,ML,2.4,WEST VIRGINIA,2014-11-22
5109401,7400,ML,2.8,WEST VIRGINIA,2014-12-20
5110313,12900,ML,2.5,PENNSYLVANIA,2014-11-10
5110375,9500,ML,2.3,WEST VIRGINIA,2014-11-14
5110460,11100,ML,2.1,PENNSYLVANIA,2014-11-25
5110483,3100,ML,2.1,PENNSYLVANIA,2014-11-28
5109389,17000,ML,2.2,NEW YORK,2014-12-16
5111627,18900,ML,2.2,NEW YORK,2015-01-02